,interval.equipment,interval.mdBottom,interval.mdTop,interval.wellbore
625,Screen - generic,3905.45,3731.335,NO 25/11-G-1 Y1
626,Screen w. Swell Packer - generic,3917.973,3905.45,NO 25/11-G-1 Y1
627,Screen - generic,4240.67,3917.973,NO 25/11-G-1 Y1
628,Screen w. Swell Packer - generic,4253.051,4240.67,NO 25/11-G-1 Y1
629,Screen w. Swell Packer - generic,4265.567,4253.051,NO 25/11-G-1 Y1
630,Screen w. Swell Packer - generic,4278.074,4265.567,NO 25/11-G-1 Y1
511,Screen - generic,4901.81,4401.389,NO 25/11-G-1 Y3T2
512,Screen - generic,4988.933,4901.81,NO 25/11-G-1 Y3T2
513,Screen - generic,5560.552,4988.933,NO 25/11-G-1 Y3T2
470,Screen - generic,3673.804,3600.068,NO 25/11-G-1 Y4T2
471,Screen w. Swell Packer - generic,3686.313,3673.804,NO 25/11-G-1 Y4T2
472,Screen - generic,3723.734,3686.313,NO 25/11-G-1 Y4T2
473,Screen w. Swell Packer - generic,3735.252,3723.734,NO 25/11-G-1 Y4T2
474,Screen - generic,3796.755,3735.252,NO 25/11-G-1 Y4T2
475,Screen - generic,4748.988,4325.681,NO 25/11-G-1 Y4T2
1103,Screen - generic,2290.082,2278.084,NO 25/11-G-10 AY1T2
1104,Screen - generic,2325.86,2302.043,NO 25/11-G-10 AY1T2
1105,Screen - generic,2361.317,2337.815,NO 25/11-G-10 AY1T2
1106,Screen - generic,2397.067,2373.263,NO 25/11-G-10 AY1T2
1107,Screen - generic,2432.87,2409.062,NO 25/11-G-10 AY1T2
1108,Screen - generic,2468.866,2444.871,NO 25/11-G-10 AY1T2
1109,Screen - generic,2504.425,2480.824,NO 25/11-G-10 AY1T2
1110,Screen - generic,2540.248,2516.436,NO 25/11-G-10 AY1T2
1111,Screen - generic,2576.212,2552.204,NO 25/11-G-10 AY1T2
1112,Screen - generic,2611.967,2588.173,NO 25/11-G-10 AY1T2
1113,Screen - generic,2646.596,2634.796,NO 25/11-G-10 AY1T2
1114,Screen - generic,2670.575,2658.559,NO 25/11-G-10 AY1T2
1115,Screen - generic,2706.066,2694.255,NO 25/11-G-10 AY1T2
1116,Screen - generic,2741.882,2730.081,NO 25/11-G-10 AY1T2
1117,Screen - generic,2777.646,2765.848,NO 25/11-G-10 AY1T2
1118,Screen - generic,2813.335,2801.62,NO 25/11-G-10 AY1T2
1119,Screen - generic,2837.351,2825.344,NO 25/11-G-10 AY1T2
1120,Screen - generic,2861.183,2849.373,NO 25/11-G-10 AY1T2
1121,Screen - generic,2885.152,2873.142,NO 25/11-G-10 AY1T2
1122,Screen - generic,2908.973,2896.97,NO 25/11-G-10 AY1T2
1123,Screen - generic,2932.942,2920.926,NO 25/11-G-10 AY1T2
1124,Screen - generic,2956.895,2944.889,NO 25/11-G-10 AY1T2
1125,Screen - generic,2992.623,2980.604,NO 25/11-G-10 AY1T2
1126,Screen - generic,3028.397,3016.588,NO 25/11-G-10 AY1T2
1127,Screen - generic,3064.116,3052.429,NO 25/11-G-10 AY1T2
1128,Screen - generic,3099.955,3087.948,NO 25/11-G-10 AY1T2
1129,Screen - generic,3135.699,3123.9,NO 25/11-G-10 AY1T2
1130,Screen - generic,3171.277,3159.465,NO 25/11-G-10 AY1T2
1069,Screen - generic,2398.802,2375.056,NO 25/11-G-10 AY2T3
1070,Screen - generic,2588.646,2458.688,NO 25/11-G-10 AY2T3
1071,Screen w. Swell Packer - generic,2600.354,2588.646,NO 25/11-G-10 AY2T3
1072,Screen - generic,2636.379,2624.365,NO 25/11-G-10 AY2T3
1073,Screen - generic,2660.392,2648.388,NO 25/11-G-10 AY2T3
287,Screen - generic,2272.045,2189.27,NO 25/11-G-10 AY3T2
288,Screen - generic,2414.87,2391.123,NO 25/11-G-10 AY3T2
289,Screen - generic,2450.294,2426.838,NO 25/11-G-10 AY3T2
290,Screen - generic,2486.014,2462.258,NO 25/11-G-10 AY3T2
291,Screen - generic,2509.797,2497.988,NO 25/11-G-10 AY3T2
292,Screen - generic,2533.625,2521.754,NO 25/11-G-10 AY3T2
293,Screen - generic,2557.163,2545.468,NO 25/11-G-10 AY3T2
294,Screen - generic,2580.438,2568.982,NO 25/11-G-10 AY3T2
295,Screen - generic,2866.673,2854.98,NO 25/11-G-10 AY3T2
296,Screen - generic,3330.118,3318.119,NO 25/11-G-10 AY3T2
297,Screen - generic,3353.753,3342.054,NO 25/11-G-10 AY3T2
298,Screen - generic,3436.035,3388.916,NO 25/11-G-10 AY3T2
371,Screen & Blank Pipe - generic,2469.924,2326.641,NO 25/11-G-10 Y1
372,Screen & Blank Pipe - generic,2539.381,2469.924,NO 25/11-G-10 Y1
373,Screen - generic,2841.514,2539.381,NO 25/11-G-10 Y1
374,Screen - generic,3296.507,2841.514,NO 25/11-G-10 Y1
375,Screen - generic,3386.214,3316.147,NO 25/11-G-10 Y1
376,Screen w. Swell Packer - generic,3397.89,3386.214,NO 25/11-G-10 Y1
377,Screen - generic,3455.696,3397.89,NO 25/11-G-10 Y1
378,Screen w. Swell Packer - generic,3467.375,3455.696,NO 25/11-G-10 Y1
379,Screen - generic,3502.392,3467.375,NO 25/11-G-10 Y1
380,Screen - generic,4062.303,3502.392,NO 25/11-G-10 Y1
366,Screen - generic,4117.065,4082.033,NO 25/11-G-10 Y1
367,Screen w. Swell Packer - generic,4128.726,4117.065,NO 25/11-G-10 Y1
368,Screen - generic,4163.752,4128.726,NO 25/11-G-10 Y1
369,Screen & Blank Pipe - generic,4248.301,4166.792,NO 25/11-G-10 Y1
370,Screen - generic,4283.43,4248.301,NO 25/11-G-10 Y1
476,Screen - generic,2944.206,2523.829,NO 25/11-G-10 Y2
477,Screen w. Swell Packer - generic,2955.911,2944.206,NO 25/11-G-10 Y2
478,Screen - generic,3002.706,2955.911,NO 25/11-G-10 Y2
479,Screen w. Swell Packer - generic,3014.415,3002.706,NO 25/11-G-10 Y2
480,Screen - generic,3084.335,3014.415,NO 25/11-G-10 Y2
481,Screen,3388.084,3084.335,NO 25/11-G-10 Y2
482,Screen - generic,3443.813,3408.736,NO 25/11-G-10 Y2
483,Screen w. Swell Packer - generic,3455.506,3443.813,NO 25/11-G-10 Y2
484,Screen - generic,3664.729,3455.506,NO 25/11-G-10 Y2
485,Screen - generic,3699.746,3664.729,NO 25/11-G-10 Y2
486,Screen w. Swell Packer - generic,3711.431,3699.746,NO 25/11-G-10 Y2
487,Screen - generic,3793.176,3711.431,NO 25/11-G-10 Y2
488,Screen - generic,3848.653,3813.713,NO 25/11-G-10 Y2
489,Screen w. Swell Packer - generic,3860.327,3848.653,NO 25/11-G-10 Y2
490,Screen - generic,4256.319,3860.327,NO 25/11-G-10 Y2
353,Screen,2515.792,2353.479,NO 25/11-G-11
354,Screen,3300.649,2528.132,NO 25/11-G-11
634,Screen - generic,3313.673,3301.324,NO 25/11-G-11 BY1T4
635,Screen - generic,3338.239,3325.722,NO 25/11-G-11 BY1T4
636,Screen - generic,3362.176,3350.279,NO 25/11-G-11 BY1T4
637,Screen - generic,3386.212,3373.703,NO 25/11-G-11 BY1T4
638,Screen - generic,3410.267,3398.239,NO 25/11-G-11 BY1T4
639,Screen - generic,3434.317,3422.297,NO 25/11-G-11 BY1T4
640,Screen - generic,3459.179,3446.673,NO 25/11-G-11 BY1T4
641,Screen - generic,3495.239,3482.725,NO 25/11-G-11 BY1T4
642,Screen - generic,3531.575,3519.538,NO 25/11-G-11 BY1T4
643,Screen - generic,3568.176,3555.659,NO 25/11-G-11 BY1T4
644,Screen - generic,3628.26,3615.755,NO 25/11-G-11 BY1T4
645,Screen - generic,3688.24,3675.735,NO 25/11-G-11 BY1T4
646,Screen - generic,3747.103,3735.19,NO 25/11-G-11 BY1T4
647,Screen - generic,3807.865,3795.347,NO 25/11-G-11 BY1T4
631,Screen - generic,3929.786,3843.166,NO 25/11-G-11 BY1T4
632,Screen - generic,4052.632,3929.786,NO 25/11-G-11 BY1T4
633,Screen - generic,4210.57,4052.632,NO 25/11-G-11 BY1T4
933,Screen - generic,2826.622,2814.296,NO 25/11-G-11 BY2
934,Screen - generic,2862.685,2850.681,NO 25/11-G-11 BY2
935,Screen - generic,2898.705,2886.349,NO 25/11-G-11 BY2
936,Screen - generic,2922.708,2910.744,NO 25/11-G-11 BY2
937,Screen - generic,2947.108,2934.753,NO 25/11-G-11 BY2
938,Screen - generic,2971.489,2959.145,NO 25/11-G-11 BY2
939,Screen - generic,2994.97,2983.294,NO 25/11-G-11 BY2
940,Screen - generic,3006.95,2994.97,NO 25/11-G-11 BY2
941,Screen - generic,3019.466,3006.95,NO 25/11-G-11 BY2
929,Screen - generic,3044.54,3019.466,NO 25/11-G-11 BY2
930,Screen - generic,3077.015,3051.971,NO 25/11-G-11 BY2
931,Screen - generic,3175.136,3077.015,NO 25/11-G-11 BY2
932,Screen - generic,3419.622,3211.042,NO 25/11-G-11 BY2
1157,Screen - generic,3692.229,3679.705,NO 25/11-G-11 BY3T2
1158,Screen - generic,3728.813,3716.307,NO 25/11-G-11 BY3T2
1159,Screen - generic,3838.196,3751.849,NO 25/11-G-11 BY3T2
1160,Screen - generic,3850.54,3838.196,NO 25/11-G-11 BY3T2
1161,Screen - generic,3862.899,3850.54,NO 25/11-G-11 BY3T2
1162,Screen - generic,3887.409,3874.887,NO 25/11-G-11 BY3T2
1163,Screen - generic,3910.393,3898.35,NO 25/11-G-11 BY3T2
1164,Screen - generic,3934.421,3922.38,NO 25/11-G-11 BY3T2
1165,Screen - generic,3957.84,3945.932,NO 25/11-G-11 BY3T2
1166,Screen - generic,3982.241,3969.727,NO 25/11-G-11 BY3T2
1167,Screen - generic,4006.107,3993.752,NO 25/11-G-11 BY3T2
1168,Screen - generic,4030.261,4017.903,NO 25/11-G-11 BY3T2
1169,Screen - generic,4164.561,4030.261,NO 25/11-G-11 BY3T2
1170,Screen - generic,4201.485,4164.561,NO 25/11-G-11 BY3T2
838,Screen - generic,3656.857,3632.494,NO 25/11-G-12 AY1T2
839,Screen - generic,3693.636,3668.868,NO 25/11-G-12 AY1T2
840,Screen - generic,3730.443,3705.648,NO 25/11-G-12 AY1T2
841,Screen - generic,3766.827,3742.453,NO 25/11-G-12 AY1T2
842,Screen - generic,3803.18,3778.84,NO 25/11-G-12 AY1T2
843,Screen w. Swell Packer - generic,3827.547,3815.179,NO 25/11-G-12 AY1T2
844,Screen - generic,3839.909,3827.547,NO 25/11-G-12 AY1T2
845,Screen w. Swell Packer - generic,3852.274,3839.909,NO 25/11-G-12 AY1T2
846,Screen - generic,4196.822,3852.274,NO 25/11-G-12 AY1T2
847,Screen w. Swell Packer - generic,4208.817,4196.822,NO 25/11-G-12 AY1T2
848,Screen - generic,4476.383,4208.817,NO 25/11-G-12 AY1T2
849,Screen w. Swell Packer - generic,4488.724,4476.383,NO 25/11-G-12 AY1T2
850,Screen - generic,4537.521,4488.724,NO 25/11-G-12 AY1T2
67,Screen - generic,3519.819,3507.685,NO 25/11-G-12 AY2
68,Screen - generic,3556.208,3543.826,NO 25/11-G-12 AY2
69,Screen - generic,4105.175,3748.462,NO 25/11-G-12 AY2
70,Screen w. Swell Packer - generic,4117.558,4105.175,NO 25/11-G-12 AY2
71,Screen - generic,4755.909,4595.508,NO 25/11-G-12 AY2
942,Screen & Blank Pipe,3410.585,3287.038,NO 25/11-G-12 Y1T3
943,Screen & Blank Pipe - generic,3797.001,3410.585,NO 25/11-G-12 Y1T3
944,Screen & Blank Pipe - generic,4231.127,3797.001,NO 25/11-G-12 Y1T3
509,Screen,3587.258,3349.503,NO 25/11-G-12 Y2
510,Screen & Blank Pipe - generic,4217.97,3587.258,NO 25/11-G-12 Y2
450,Screen,5416.924,5029.034,NO 25/11-G-13 Y1T3
451,Screen,6110.234,5416.924,NO 25/11-G-13 Y1T3
452,Screen,6469.234,6110.234,NO 25/11-G-13 Y1T3
609,Screen,5548.847,5049.18,NO 25/11-G-13 Y2
610,Screen,5795.923,5548.847,NO 25/11-G-13 Y2
611,Screen,6501.1,5795.923,NO 25/11-G-13 Y2
612,Screen,6661.72,6501.1,NO 25/11-G-13 Y2
613,Screen,7158.182,6799.077,NO 25/11-G-13 Y2
38,Screen,5301.121,4892.945,NO 25/11-G-13 Y3T3
39,Screen,5476.212,5338.543,NO 25/11-G-13 Y3T3
40,Screen,5996.237,5526.305,NO 25/11-G-13 Y3T3
41,Screen,6638.331,5996.237,NO 25/11-G-13 Y3T3
42,Screen,6688.285,6638.331,NO 25/11-G-13 Y3T3
926,Screen,993.423,980.914,NO 25/11-G-14
927,Screen,1177.036,993.338,NO 25/11-G-14
928,Screen,1491.652,1167.249,NO 25/11-G-14
925,Screen,1189.054,1177.036,NO 25/11-G-14
804,Screen,2380.567,2155.611,NO 25/11-G-15 AY1T2
805,Screen,2585.25,2511.1330000000003,NO 25/11-G-15 AY1T2
806,Screen w. Swell Packer - generic,2597.772,2585.25,NO 25/11-G-15 AY1T2
807,Screen w. Swell Packer - generic,2610.101,2597.772,NO 25/11-G-15 AY1T2
808,Screen,2634.231,2610.101,NO 25/11-G-15 AY1T2
809,Screen,2659.301,2646.7850000000003,NO 25/11-G-15 AY1T2
810,Screen,2696.914,2684.397,NO 25/11-G-15 AY1T2
811,Screen,2733.8630000000003,2722.027,NO 25/11-G-15 AY1T2
812,Screen,2782.665,2758.962,NO 25/11-G-15 AY1T2
813,Screen,3269.021,2795.221,NO 25/11-G-15 AY1T2
1144,Screen,2981.34,2608.495,NO 25/11-G-15 AY2T2
1145,Screen w. Swell Packer - generic,2993.862,2981.34,NO 25/11-G-15 AY2T2
1146,Screen,3713.52,3700.992,NO 25/11-G-15 AY2T2
1147,Screen,3750.959,3738.624,NO 25/11-G-15 AY2T2
1148,Screen,3788.433,3775.93,NO 25/11-G-15 AY2T2
1149,Screen,3826.045,3813.54,NO 25/11-G-15 AY2T2
1150,Screen,4250.056,3851.158,NO 25/11-G-15 AY2T2
1151,Screen,5126.311,4250.056,NO 25/11-G-15 AY2T2
175,Screen & Blank Pipe - generic,3467.39,3005.693,NO 25/11-G-15 AY3T4
176,Screen,3492.464,3479.947,NO 25/11-G-15 AY3T4
177,Screen & Blank Pipe - generic,4387.77,3505.019,NO 25/11-G-15 AY3T4
178,Screen,4833.898,4387.77,NO 25/11-G-15 AY3T4
299,Screen - generic,3891.922,3855.837,NO 25/11-G-16 AY1T3
300,Screen - generic,3927.348,3903.925,NO 25/11-G-16 AY1T3
301,Screen - generic,3963.177,3939.353,NO 25/11-G-16 AY1T3
302,Screen - generic,3999.01,3975.182,NO 25/11-G-16 AY1T3
303,Screen - generic,4033.978,4010.449,NO 25/11-G-16 AY1T3
304,Screen - generic,4070.05,4045.977,NO 25/11-G-16 AY1T3
305,Screen - generic,4764.104,4082.059,NO 25/11-G-16 AY1T3
1199,Screen - generic,3838.119,3826.063,NO 25/11-G-16 AY2
1200,Screen - generic,3873.205,3849.446,NO 25/11-G-16 AY2
1201,Screen - generic,3909.292,3885.205,NO 25/11-G-16 AY2
1202,Screen - generic,3945.248,3921.171,NO 25/11-G-16 AY2
1203,Screen - generic,3981.045,3957.25,NO 25/11-G-16 AY2
1204,Screen w. Swell Packer - generic,4004.931,3993.058,NO 25/11-G-16 AY2
1205,Screen - generic,4149.031,4004.931,NO 25/11-G-16 AY2
1206,Screen w. Swell Packer - generic,4160.862,4149.031,NO 25/11-G-16 AY2
1207,Screen - generic,4495.203,4160.862,NO 25/11-G-16 AY2
1247,Screen - generic,3924.461,3553.0,NO 25/11-G-16 AY3
77,Screen,3308.454,3196.688,NO 25/11-G-16 Y2T2
78,Screen w. Swell Packer - generic,3320.971,3308.454,NO 25/11-G-16 Y2T2
79,Screen,4052.941,3641.002,NO 25/11-G-16 Y2T2
80,Screen,4312.359,4052.941,NO 25/11-G-16 Y2T2
81,Screen,4498.3,4312.359,NO 25/11-G-16 Y2T2
260,Screen,4152.601,3207.863,NO 25/11-G-16 Y3T2
261,Screen,4547.19,4152.601,NO 25/11-G-16 Y3T2
837,Screen - generic,2766.363,2301.69,NO 25/11-G-17 CY1T2
814,Screen - generic,2987.147,2975.137,NO 25/11-G-17 CY1T2
815,Screen - generic,3010.692,2998.682,NO 25/11-G-17 CY1T2
816,Screen - generic,3034.757,3022.737,NO 25/11-G-17 CY1T2
817,Screen - generic,3058.731,3046.801,NO 25/11-G-17 CY1T2
818,Screen - generic,3081.757,3070.577,NO 25/11-G-17 CY1T2
819,Screen - generic,3105.811,3093.801,NO 25/11-G-17 CY1T2
820,Screen - generic,3129.865,3117.855,NO 25/11-G-17 CY1T2
821,Screen - generic,3165.931,3141.911,NO 25/11-G-17 CY1T2
822,Screen - generic,3202.51,3178.49,NO 25/11-G-17 CY1T2
823,Screen - generic,3561.906,3537.986,NO 25/11-G-17 CY1T2
824,Screen - generic,3597.973,3573.953,NO 25/11-G-17 CY1T2
825,Screen - generic,3634.041,3610.021,NO 25/11-G-17 CY1T2
826,Screen - generic,3682.173,3658.133,NO 25/11-G-17 CY1T2
827,Screen - generic,3717.438,3694.218,NO 25/11-G-17 CY1T2
828,Screen - generic,3753.52,3729.48,NO 25/11-G-17 CY1T2
829,Screen - generic,3789.518,3765.478,NO 25/11-G-17 CY1T2
830,Screen - generic,3836.988,3812.948,NO 25/11-G-17 CY1T2
831,Screen - generic,3873.073,3849.033,NO 25/11-G-17 CY1T2
832,Screen - generic,3909.161,3885.121,NO 25/11-G-17 CY1T2
833,Screen - generic,3944.849,3920.889,NO 25/11-G-17 CY1T2
834,Screen - generic,3980.835,3956.895,NO 25/11-G-17 CY1T2
835,Screen - generic,4053.211,4005.241,NO 25/11-G-17 CY1T2
836,Screen - generic,4269.637,4065.377,NO 25/11-G-17 CY1T2
578,Screen - generic,3668.95,3656.606,NO 25/11-G-17 CY2T4
579,Screen - generic,3693.333,3680.984,NO 25/11-G-17 CY2T4
580,Screen - generic,3717.738,3705.387,NO 25/11-G-17 CY2T4
581,Screen - generic,3742.123,3729.779,NO 25/11-G-17 CY2T4
582,Screen - generic,3766.637,3754.134,NO 25/11-G-17 CY2T4
583,Screen - generic,3791.181,3778.672,NO 25/11-G-17 CY2T4
584,Screen - generic,3815.296,3802.944,NO 25/11-G-17 CY2T4
585,Screen - generic,3839.689,3827.333,NO 25/11-G-17 CY2T4
586,Screen - generic,3863.958,3851.624,NO 25/11-G-17 CY2T4
587,Screen - generic,3887.983,3875.479,NO 25/11-G-17 CY2T4
588,Screen - generic,3912.516,3900.008,NO 25/11-G-17 CY2T4
589,Screen - generic,3947.303,3934.782,NO 25/11-G-17 CY2T4
590,Screen - generic,3983.701,3971.351,NO 25/11-G-17 CY2T4
591,Screen - generic,4020.29,4007.767,NO 25/11-G-17 CY2T4
592,Screen - generic,4056.84,4044.331,NO 25/11-G-17 CY2T4
593,Screen - generic,4093.249,4080.729,NO 25/11-G-17 CY2T4
594,Screen - generic,4129.828,4117.314,NO 25/11-G-17 CY2T4
595,Screen - generic,4228.071,4141.867,NO 25/11-G-17 CY2T4
596,Screen - generic,4300.939,4264.007,NO 25/11-G-17 CY2T4
597,Screen - generic,4640.474,4300.939,NO 25/11-G-17 CY2T4
598,Screen - generic,4725.947,4713.451,NO 25/11-G-17 CY2T4
599,Screen - generic,4750.426,4737.923,NO 25/11-G-17 CY2T4
600,Screen - generic,4774.813,4762.451,NO 25/11-G-17 CY2T4
601,Screen - generic,5019.914,4810.91,NO 25/11-G-17 CY2T4
355,Screen,2846.888,2014.074,NO 25/11-G-17 T2
356,Screen,2064.94,2053.6,NO 25/11-G-17 T2
357,Screen,2123.2599999999998,2077.19,NO 25/11-G-17 T2
358,Screen,2264.5699999999997,2128.31,NO 25/11-G-17 T2
359,Screen,2428.85,2269.58,NO 25/11-G-17 T2
360,Screen,2479.7999999999997,2433.87,NO 25/11-G-17 T2
361,Screen,2701.39,2484.8399999999997,NO 25/11-G-17 T2
362,Screen,2715.0,2702.39,NO 25/11-G-17 T2
363,Screen,2890.15,2720.04,NO 25/11-G-17 T2
364,Screen,2903.75,2891.15,NO 25/11-G-17 T2
365,Screen,2921.4,2908.79,NO 25/11-G-17 T2
320,Screen,2437.266,2180.534,NO 25/11-G-18
321,Screen,2443.62,2182.51,NO 25/11-G-18
322,Screen,2450.073,2437.266,NO 25/11-G-18
323,Screen,2682.668,2450.073,NO 25/11-G-18
324,Screen,2690.94,2455.39,NO 25/11-G-18
325,Screen,2695.028,2682.668,NO 25/11-G-18
326,Screen,2930.03,2695.028,NO 25/11-G-18
327,Screen,2936.79,2702.48,NO 25/11-G-18
328,Screen,2942.223,2930.03,NO 25/11-G-18
329,Screen,3004.0,2942.223,NO 25/11-G-18
330,Screen,3184.34,2948.77,NO 25/11-G-18
331,Screen,3029.262,3016.445,NO 25/11-G-18
332,Screen,3053.701,3041.267,NO 25/11-G-18
333,Screen,3078.957,3066.151,NO 25/11-G-18
334,Screen,3103.59,3090.773,NO 25/11-G-18
335,Screen,3128.558,3116.143,NO 25/11-G-18
336,Screen,3153.812,3141.002,NO 25/11-G-18
337,Screen,3179.071,3166.255,NO 25/11-G-18
338,Screen,3191.361,3179.071,NO 25/11-G-18
339,Screen,3419.82,3191.361,NO 25/11-G-18
340,Screen,3433.52,3196.1,NO 25/11-G-18
341,Screen,3432.637,3419.82,NO 25/11-G-18
342,Screen,3688.117,3432.637,NO 25/11-G-18
343,Screen,3695.74,3445.52,NO 25/11-G-18
344,Screen,3700.838,3688.117,NO 25/11-G-18
345,Screen,4221.3,3700.838,NO 25/11-G-18
346,Screen,3814.71,3707.76,NO 25/11-G-18
347,Screen,3920.46,3826.71,NO 25/11-G-18
348,Screen,4015.091,3932.17,NO 25/11-G-18
349,Screen,4348.701,4016.081,NO 25/11-G-18
350,Screen,4491.078,4360.598,NO 25/11-G-18
351,Screen,4562.358,4515.008,NO 25/11-G-18
352,Screen,4634.668,4563.338,NO 25/11-G-18
194,Screen - generic,2484.064,2399.114,NO 25/11-G-18 AY1
195,Screen w. Swell Packer - generic,2496.086,2484.064,NO 25/11-G-18 AY1
196,Screen - generic,2581.233,2496.086,NO 25/11-G-18 AY1
197,Screen w. Swell Packer - generic,2593.664,2581.233,NO 25/11-G-18 AY1
198,Screen - generic,2617.332,2593.664,NO 25/11-G-18 AY1
199,Screen w. Swell Packer - generic,2629.769,2617.332,NO 25/11-G-18 AY1
200,Screen w. Swell Packer - generic,2666.948,2629.769,NO 25/11-G-18 AY1
201,Screen w. Swell Packer - generic,2679.445,2666.948,NO 25/11-G-18 AY1
202,Screen w. Swell Packer - generic,2790.449,2679.445,NO 25/11-G-18 AY1
203,Screen w. Swell Packer - generic,2802.812,2790.449,NO 25/11-G-18 AY1
204,Screen w. Swell Packer - generic,2986.885,2802.812,NO 25/11-G-18 AY1
205,Screen w. Swell Packer - generic,2999.209,2986.885,NO 25/11-G-18 AY1
206,Screen - generic,3398.441,2999.209,NO 25/11-G-18 AY1
160,Screen - generic,2666.873,2242.675,NO 25/11-G-18 AY2
161,Screen w. Swell Packer - generic,2678.72,2666.873,NO 25/11-G-18 AY2
162,Screen - generic,3132.947,3097.179,NO 25/11-G-18 AY2
163,Screen w. Swell Packer - generic,3144.969,3132.947,NO 25/11-G-18 AY2
164,Screen - generic,3292.087,3144.969,NO 25/11-G-18 AY2
165,Screen w. Swell Packer - generic,3304.443,3292.087,NO 25/11-G-18 AY2
166,Screen - generic,3413.845,3304.443,NO 25/11-G-18 AY2
167,Screen w. Swell Packer - generic,3426.2,3413.845,NO 25/11-G-18 AY2
168,Screen - generic,3677.546,3569.658,NO 25/11-G-18 AY2
169,Screen - generic,3908.681,3677.546,NO 25/11-G-18 AY2
170,Screen w. Swell Packer - generic,3921.036,3908.681,NO 25/11-G-18 AY2
171,Screen - generic,4102.141,3921.036,NO 25/11-G-18 AY2
172,Screen w. Swell Packer - generic,4114.494,4102.141,NO 25/11-G-18 AY2
173,Screen - generic,4126.838,4114.494,NO 25/11-G-18 AY2
174,Screen - generic,4139.182,4126.838,NO 25/11-G-18 AY2
82,Screen,2113.877,2101.521,NO 25/11-G-19
83,Screen,2143.07,2120.1,NO 25/11-G-19
84,Screen w. Swell Packer - generic,2138.798,2126.421,NO 25/11-G-19
85,Screen & Blank Pipe - generic,2325.19,2138.798,NO 25/11-G-19
86,Screen,2342.61,2155.08,NO 25/11-G-19
87,Screen w. Swell Packer - generic,2337.557,2325.19,NO 25/11-G-19
88,Screen & Blank Pipe - generic,2523.147,2337.557,NO 25/11-G-19
89,Screen w. Swell Packer - generic,2354.08,2342.61,NO 25/11-G-19
90,Screen,2541.29,2354.08,NO 25/11-G-19
91,Screen w. Swell Packer - generic,2535.516,2523.147,NO 25/11-G-19
92,Screen & Blank Pipe - generic,2708.7,2535.516,NO 25/11-G-19
93,Screen w. Swell Packer - generic,2552.78,2541.29,NO 25/11-G-19
94,Screen,2730.09,2552.78,NO 25/11-G-19
95,Screen w. Swell Packer - generic,2721.145,2708.7,NO 25/11-G-19
96,Screen & Blank Pipe - generic,2918.518,2721.145,NO 25/11-G-19
97,Screen w. Swell Packer - generic,2741.61,2730.09,NO 25/11-G-19
98,Screen,2941.19,2741.61,NO 25/11-G-19
99,Screen w. Swell Packer - generic,2930.347,2918.518,NO 25/11-G-19
100,Screen & Blank Pipe - generic,3116.585,2930.347,NO 25/11-G-19
101,Screen w. Swell Packer - generic,2953.05,2941.19,NO 25/11-G-19
102,Screen,3137.08,2953.05,NO 25/11-G-19
103,Screen w. Swell Packer - generic,3128.954,3116.585,NO 25/11-G-19
104,Screen w. Swell Packer - generic,3149.08,3137.08,NO 25/11-G-19
105,Screen,3314.072,3141.51,NO 25/11-G-19
106,Screen,3335.79,3149.08,NO 25/11-G-19
107,Screen w. Swell Packer - generic,3326.444,3314.072,NO 25/11-G-19
108,Screen,3523.557,3326.444,NO 25/11-G-19
109,Screen w. Swell Packer - generic,3347.31,3335.79,NO 25/11-G-19
110,Screen,3535.79,3347.31,NO 25/11-G-19
111,Screen w. Swell Packer - generic,3535.919,3523.557,NO 25/11-G-19
112,Screen w. Swell Packer - generic,3547.8,3535.79,NO 25/11-G-19
113,Screen,3597.642,3535.919,NO 25/11-G-19
114,Screen,3582.48,3547.8,NO 25/11-G-19
115,Screen,3617.83,3583.48,NO 25/11-G-19
116,Screen w. Swell Packer - generic,3610.007,3597.642,NO 25/11-G-19
117,Screen,3659.476,3610.007,NO 25/11-G-19
118,Screen w. Swell Packer - generic,3629.84,3617.83,NO 25/11-G-19
119,Screen,3675.86,3629.84,NO 25/11-G-19
120,Screen w. Swell Packer - generic,3671.846,3659.476,NO 25/11-G-19
121,Screen,3832.407,3671.846,NO 25/11-G-19
122,Screen w. Swell Packer - generic,3687.86,3675.86,NO 25/11-G-19
123,Screen,3794.37,3687.86,NO 25/11-G-19
124,Screen,3842.35,3795.37,NO 25/11-G-19
125,Screen,4019.274,3835.417,NO 25/11-G-19
126,Screen w. Swell Packer - generic,3854.11,3842.35,NO 25/11-G-19
127,Screen,3984.66,3854.11,NO 25/11-G-19
128,Screen w. Swell Packer - generic,3996.66,3984.66,NO 25/11-G-19
129,Screen,4137.55,3996.66,NO 25/11-G-19
130,Screen,4148.67,4137.55,NO 25/11-G-19
1179,Screen - generic,2893.75,2844.975,NO 25/11-G-19 EY1T2
1180,Screen - generic,3029.494,2893.75,NO 25/11-G-19 EY1T2
495,Screen - generic,2498.191,2181.753,NO 25/11-G-19 EY2T2
496,Screen - generic,2558.579,2522.274,NO 25/11-G-19 EY2T2
497,Screen - generic,2806.001,2558.579,NO 25/11-G-19 EY2T2
498,Screen - generic,2878.689,2866.169,NO 25/11-G-19 EY2T2
499,Screen - generic,2915.273,2902.748,NO 25/11-G-19 EY2T2
500,Screen - generic,2951.85,2939.344,NO 25/11-G-19 EY2T2
501,Screen - generic,3087.87,2975.929,NO 25/11-G-19 EY2T2
502,Screen - generic,3124.638,3087.87,NO 25/11-G-19 EY2T2
405,Screen,3866.024,3853.511,NO 25/11-G-2 BY1T3
406,Screen,3902.52,3890.001,NO 25/11-G-2 BY1T3
407,Screen,3927.002,3914.498,NO 25/11-G-2 BY1T3
408,Screen,3974.899,3962.387,NO 25/11-G-2 BY1T3
409,Screen,4011.349,3998.848,NO 25/11-G-2 BY1T3
410,Screen,4047.326,4034.813,NO 25/11-G-2 BY1T3
411,Screen,4083.472,4070.96,NO 25/11-G-2 BY1T3
412,Screen,4319.626,4107.451,NO 25/11-G-2 BY1T3
413,Screen,4344.11,4331.613,NO 25/11-G-2 BY1T3
414,Screen,4368.624,4356.112,NO 25/11-G-2 BY1T3
415,Screen,4393.075,4380.554,NO 25/11-G-2 BY1T3
416,Screen,4417.598,4405.074,NO 25/11-G-2 BY1T3
417,Screen,4603.936,4429.606,NO 25/11-G-2 BY1T3
418,Screen,5374.557,4603.936,NO 25/11-G-2 BY1T3
671,Screen,4652.33,4155.94,NO 25/11-G-2 BY2
672,Screen,4848.99,4652.33,NO 25/11-G-2 BY2
673,Screen,4873.43,4860.99,NO 25/11-G-2 BY2
674,Screen,4897.81,4885.43,NO 25/11-G-2 BY2
675,Screen,4922.18,4909.81,NO 25/11-G-2 BY2
676,Screen,4946.57,4934.18,NO 25/11-G-2 BY2
677,Screen,4971.01,4958.58,NO 25/11-G-2 BY2
678,Screen,4995.51,4983.01,NO 25/11-G-2 BY2
669,Screen,5019.94,5007.52,NO 25/11-G-2 BY2
670,Screen,5463.49,5031.93,NO 25/11-G-2 BY2
924,Screen,4500.319,4239.653,NO 25/11-G-2 BY3
491,Screen,5013.723,4414.907,NO 25/11-G-2 Y1
311,Screen,4197.81,4139.74,NO 25/11-G-2 Y2T2
312,Screen,4339.64,4203.68,NO 25/11-G-2 Y2T2
313,Screen,4351.97,4339.64,NO 25/11-G-2 Y2T2
314,Screen,4401.94,4351.97,NO 25/11-G-2 Y2T2
315,Screen,4413.93,4401.94,NO 25/11-G-2 Y2T2
316,Screen,4685.02,4413.93,NO 25/11-G-2 Y2T2
1278,Screen,4033.742,3917.042,NO 25/11-G-2 Y3T2
1279,Screen,4045.432,4033.742,NO 25/11-G-2 Y3T2
1280,Screen,4092.202,4045.432,NO 25/11-G-2 Y3T2
1281,Screen,4103.722,4092.202,NO 25/11-G-2 Y3T2
1282,Screen,4324.812,4103.722,NO 25/11-G-2 Y3T2
1283,Screen,4539.742,4330.642,NO 25/11-G-2 Y3T2
1284,Screen,4552.142,4539.742,NO 25/11-G-2 Y3T2
317,Screen,2732.94,2697.96,NO 25/11-G-20 AT2
318,Screen,3221.1,2790.44,NO 25/11-G-20 AT2
319,Screen,3237.17,3226.14,NO 25/11-G-20 AT2
442,Screen,11.519999999999996,0.0,NO 25/11-G-21
443,Screen,34.49,0.0,NO 25/11-G-21
444,Screen,22.659999999999997,0.0,NO 25/11-G-21
445,Screen,84.76,0.0,NO 25/11-G-21
446,Screen,182.96,0.0,NO 25/11-G-21
447,Screen,180.94,0.0,NO 25/11-G-21
448,Screen,11.18,0.0,NO 25/11-G-21
449,Screen,934.56,28.28,NO 25/11-G-21
492,Screen - generic,3361.853,3238.41,NO 25/11-G-21 BY1T4
493,Screen - generic,3644.496,3385.651,NO 25/11-G-21 BY1T4
494,Screen - generic,3766.841,3680.354,NO 25/11-G-21 BY1T4
440,Screen - generic,3505.028,3395.86,NO 25/11-G-21 BY2T2
441,Screen - generic,3998.604,3505.028,NO 25/11-G-21 BY2T2
269,Screen,2152.72,2129.38,NO 25/11-G-22
270,Screen,2282.78,2164.47,NO 25/11-G-22
271,Screen,2436.99,2294.78,NO 25/11-G-22
272,Screen,2518.26,2448.0,NO 25/11-G-22
273,Screen,2649.14,2530.26,NO 25/11-G-22
274,Screen,2697.05,2650.16,NO 25/11-G-22
275,Screen,2814.93,2708.63,NO 25/11-G-22
276,Screen,2884.98,2815.93,NO 25/11-G-22
1172,Screen - generic,2630.947,2411.758,NO 25/11-G-22 BY1T3
1173,Screen w. Swell Packer - generic,2642.991,2630.947,NO 25/11-G-22 BY1T3
1174,Screen - generic,2739.624,2642.991,NO 25/11-G-22 BY1T3
1175,Screen w. Swell Packer - generic,2751.641,2739.624,NO 25/11-G-22 BY1T3
1176,Screen - generic,2788.375,2751.641,NO 25/11-G-22 BY1T3
1131,Screen - generic,3247.262,3198.957,NO 25/11-G-22 BY2
1132,Screen w. Swell Packer - generic,3259.487,3247.262,NO 25/11-G-22 BY2
1133,Screen - generic,3307.307,3259.487,NO 25/11-G-22 BY2
1134,Screen w. Swell Packer - generic,3319.327,3307.307,NO 25/11-G-22 BY2
1135,Screen - generic,3367.471,3319.327,NO 25/11-G-22 BY2
1136,Screen w. Swell Packer - generic,3379.506,3367.471,NO 25/11-G-22 BY2
1137,Screen - generic,3428.898,3379.506,NO 25/11-G-22 BY2
150,Screen,2981.18,2296.36,NO 25/11-G-24 A
1059,Screen - generic,2380.239,2367.881,NO 25/11-G-25 AY1T2
1060,Screen & Blank Pipe - generic,2562.617,2380.239,NO 25/11-G-25 AY1T2
1061,Screen & Blank Pipe - generic,2891.497,2598.245,NO 25/11-G-25 AY1T2
1062,Screen - generic,2904.018,2891.497,NO 25/11-G-25 AY1T2
1063,Screen w. Swell Packer - generic,2916.523,2904.018,NO 25/11-G-25 AY1T2
1064,Screen - generic,3453.141,2928.458,NO 25/11-G-25 AY1T2
1065,Screen - generic,3884.37,3453.141,NO 25/11-G-25 AY1T2
1066,Screen - generic,4078.695,3884.37,NO 25/11-G-25 AY1T2
1067,Screen - generic,4252.528,4078.695,NO 25/11-G-25 AY1T2
1068,Screen - generic,4425.264,4252.528,NO 25/11-G-25 AY1T2
1177,Screen - generic,3335.587,2443.103,NO 25/11-G-25 AY2
1178,Screen - generic,4462.62,3411.374,NO 25/11-G-25 AY2
1243,Screen & Blank Pipe - generic,3155.296,2381.275,NO 25/11-G-25 AY3
1244,Screen w. Swell Packer - generic,3167.645,3155.296,NO 25/11-G-25 AY3
1245,Screen & Blank Pipe - generic,3836.211,3787.593,NO 25/11-G-25 AY3
1246,Screen - generic,4427.723,3836.211,NO 25/11-G-25 AY3
431,Screen,2234.935,2057.845,NO 25/11-G-25 T2
432,Screen,2515.805,2246.9249999999997,NO 25/11-G-25 T2
433,Screen,2858.495,2527.795,NO 25/11-G-25 T2
434,Screen,3105.605,2869.9249999999997,NO 25/11-G-25 T2
435,Screen,3142.275,3106.605,NO 25/11-G-25 T2
436,Screen,3365.485,3154.275,NO 25/11-G-25 T2
437,Screen,3554.805,3377.475,NO 25/11-G-25 T2
438,Screen,3591.575,3555.805,NO 25/11-G-25 T2
439,Screen,3615.025,3603.035,NO 25/11-G-25 T2
259,Screen,2231.86,2206.7,NO 25/11-G-26
247,Screen,2331.760092,2243.930092,NO 25/11-G-26
248,Screen,2500.720092,2336.790092,NO 25/11-G-26
249,Screen,2552.450092,2505.750092,NO 25/11-G-26
250,Screen,2763.900092,2557.500092,NO 25/11-G-26
251,Screen,2840.420092,2768.940092,NO 25/11-G-26
252,Screen,2939.900092,2845.460092,NO 25/11-G-26
253,Screen,3197.720092,2940.900092,NO 25/11-G-26
254,Screen,3238.880092,3202.780092,NO 25/11-G-26
255,Screen,3280.500092,3243.900092,NO 25/11-G-26
256,Screen,3357.710092,3285.600092,NO 25/11-G-26
257,Screen,3446.950092,3362.780092,NO 25/11-G-26
258,Screen,3583.290092,3447.950092,NO 25/11-G-26
971,Screen,2122.47,1908.86,NO 25/11-G-27 A
972,Screen,2383.3,2134.44,NO 25/11-G-27 A
973,Screen,2643.71,2395.2,NO 25/11-G-27 A
974,Screen,2822.83,2655.62,NO 25/11-G-27 A
975,Screen w. Swell Packer - generic,2834.36,2822.83,NO 25/11-G-27 A
976,Screen,2986.08,2856.58,NO 25/11-G-27 A
977,Screen,3044.3,2986.93,NO 25/11-G-27 A
978,Screen,3220.04,3056.2,NO 25/11-G-27 A
979,Screen w. Swell Packer - generic,3231.94,3220.04,NO 25/11-G-27 A
980,Screen,3279.04,3243.82,NO 25/11-G-27 A
981,Screen,3433.04,3279.89,NO 25/11-G-27 A
982,Screen w. Swell Packer - generic,3444.77,3433.04,NO 25/11-G-27 A
657,Screen,4537.655,3118.365,NO 25/11-G-28
658,Screen,3151.46,3127.69,NO 25/11-G-28
659,Screen,3434.97,3163.44,NO 25/11-G-28
648,Screen,3659.84,3446.95,NO 25/11-G-28
649,Screen,3789.02,3671.84,NO 25/11-G-28
650,Screen,3955.32,3801.01,NO 25/11-G-28
651,Screen,4132.47,3967.3,NO 25/11-G-28
652,Screen,4216.23,4133.46,NO 25/11-G-28
653,Screen,4404.93,4228.23,NO 25/11-G-28
654,Screen,4499.44,4416.43,NO 25/11-G-28
655,Screen,4571.17,4500.3,NO 25/11-G-28
656,Screen,4549.755,4537.655,NO 25/11-G-28
72,Screen - generic,2611.408,2272.76,NO 25/11-G-29
73,Screen - generic,2623.432,2611.408,NO 25/11-G-29
74,Screen - generic,2659.831,2647.493,NO 25/11-G-29
75,Screen - generic,2708.73,2696.388,NO 25/11-G-29
76,Screen - generic,2770.494,2758.117,NO 25/11-G-29
421,Screen - generic,3186.215,2848.329,NO 25/11-G-29 Y2
214,Screen - generic,2617.65,2447.414,NO 25/11-G-29 Y3
215,Screen - generic,2629.69,2617.65,NO 25/11-G-29 Y3
216,Screen - generic,2642.206,2629.69,NO 25/11-G-29 Y3
217,Screen - generic,2654.722,2642.206,NO 25/11-G-29 Y3
218,Screen - generic,2674.663,2662.147,NO 25/11-G-29 Y3
219,Screen - generic,2903.272,2687.182,NO 25/11-G-29 Y3
220,Screen - generic,3345.483,2915.272,NO 25/11-G-29 Y3
262,Screen & Blank Pipe - generic,3664.078,3576.43,NO 25/11-G-3 AY1T2
263,Screen,4237.957,3714.12,NO 25/11-G-3 AY1T2
264,Screen w. Swell Packer - generic,4250.461,4237.957,NO 25/11-G-3 AY1T2
265,Screen & Blank Pipe - generic,4487.117,4275.489,NO 25/11-G-3 AY1T2
266,Screen & Blank Pipe - generic,4798.669,4524.662,NO 25/11-G-3 AY1T2
267,Screen w. Swell Packer - generic,4811.182,4798.669,NO 25/11-G-3 AY1T2
268,Screen - generic,5095.412,4811.182,NO 25/11-G-3 AY1T2
660,Screen & Blank Pipe - generic,3887.357,3700.479,NO 25/11-G-3 AY2T2
661,Screen,4373.216,3899.873,NO 25/11-G-3 AY2T2
662,Screen & Blank Pipe - generic,4496.831,4410.655,NO 25/11-G-3 AY2T2
663,Screen w. Swell Packer - generic,4508.733,4496.831,NO 25/11-G-3 AY2T2
664,Screen & Blank Pipe - generic,4769.521,4508.733,NO 25/11-G-3 AY2T2
665,Screen w. Swell Packer - generic,4782.034,4769.521,NO 25/11-G-3 AY2T2
666,Screen,4956.605,4782.034,NO 25/11-G-3 AY2T2
667,Screen w. Swell Packer - generic,4967.94,4956.605,NO 25/11-G-3 AY2T2
668,Screen - generic,5352.486,4967.94,NO 25/11-G-3 AY2T2
43,Screen & Blank Pipe - generic,3704.805,3630.425,NO 25/11-G-3 AY3T2
44,Screen w. Swell Packer - generic,3717.315,3704.805,NO 25/11-G-3 AY3T2
45,Screen,4053.981,3717.315,NO 25/11-G-3 AY3T2
46,Screen w. Swell Packer - generic,4066.489,4053.981,NO 25/11-G-3 AY3T2
47,Screen,4241.296,4066.489,NO 25/11-G-3 AY3T2
48,Screen w. Swell Packer - generic,4253.804,4241.296,NO 25/11-G-3 AY3T2
49,Screen & Blank Pipe - generic,4739.167,4291.335,NO 25/11-G-3 AY3T2
50,Screen & Blank Pipe - generic,4789.21,4751.686,NO 25/11-G-3 AY3T2
51,Screen & Blank Pipe - generic,4914.273,4801.732,NO 25/11-G-3 AY3T2
52,Screen & Blank Pipe - generic,5101.343,4926.788,NO 25/11-G-3 AY3T2
780,Screen - generic,3844.035,3820.0,NO 25/11-G-30 AY1T2
781,Screen w. Swell Packer - generic,3856.044,3844.035,NO 25/11-G-30 AY1T2
782,Screen - generic,3949.299,3856.044,NO 25/11-G-30 AY1T2
783,Screen w. Swell Packer - generic,3961.007,3949.299,NO 25/11-G-30 AY1T2
784,Screen - generic,4009.047,3961.007,NO 25/11-G-30 AY1T2
785,Screen w. Swell Packer - generic,4021.052,4009.047,NO 25/11-G-30 AY1T2
786,Screen - generic,4208.423,4021.052,NO 25/11-G-30 AY1T2
787,Screen w. Swell Packer - generic,4220.441,4208.423,NO 25/11-G-30 AY1T2
788,Screen - generic,4244.453,4232.445,NO 25/11-G-30 AY1T2
789,Screen - generic,4268.487,4256.482,NO 25/11-G-30 AY1T2
790,Screen - generic,4292.499,4280.493,NO 25/11-G-30 AY1T2
791,Screen - generic,4316.511,4304.5,NO 25/11-G-30 AY1T2
792,Screen - generic,4340.536,4328.528,NO 25/11-G-30 AY1T2
793,Screen - generic,4364.541,4352.537,NO 25/11-G-30 AY1T2
794,Screen - generic,4388.03,4376.028,NO 25/11-G-30 AY1T2
795,Screen - generic,4568.161,4400.049,NO 25/11-G-30 AY1T2
796,Screen w. Swell Packer - generic,4580.178,4568.161,NO 25/11-G-30 AY1T2
797,Screen - generic,4782.598,4736.025,NO 25/11-G-30 AY1T2
798,Screen w. Swell Packer - generic,4794.315,4782.598,NO 25/11-G-30 AY1T2
799,Screen - generic,5065.81,4794.315,NO 25/11-G-30 AY1T2
800,Screen - generic,5077.83,5065.81,NO 25/11-G-30 AY1T2
1152,Screen - generic,3580.442,3546.545,NO 25/11-G-30 AY2
1153,Screen - generic,3603.664,3592.466,NO 25/11-G-30 AY2
1154,Screen - generic,3627.002,3615.662,NO 25/11-G-30 AY2
1155,Screen - generic,3649.713,3638.002,NO 25/11-G-30 AY2
1156,Screen - generic,3822.862,3661.754,NO 25/11-G-30 AY2
1055,Screen - generic,3243.791,3174.868,NO 25/11-G-30 AY3
1056,Screen w. Swell Packer - generic,3255.507,3243.791,NO 25/11-G-30 AY3
1057,Screen - generic,3278.583,3267.525,NO 25/11-G-30 AY3
1058,Screen - generic,3302.099,3290.588,NO 25/11-G-30 AY3
1048,Screen - generic,3325.808,3314.1,NO 25/11-G-30 AY3
1049,Screen - generic,3349.527,3337.818,NO 25/11-G-30 AY3
1050,Screen - generic,3372.618,3360.906,NO 25/11-G-30 AY3
1051,Screen - generic,3667.763,3384.631,NO 25/11-G-30 AY3
1052,Screen w. Swell Packer - generic,3679.775,3667.763,NO 25/11-G-30 AY3
1053,Screen - generic,3832.74,3775.227,NO 25/11-G-30 AY3
1054,Screen - generic,4077.904,3832.74,NO 25/11-G-30 AY3
801,Screen,3185.04,2551.721,NO 25/11-G-30 Y1
802,Screen,3204.577,3192.07,NO 25/11-G-30 Y1
919,Screen,2807.837,2782.82,NO 25/11-G-30 Y2
920,Screen,2845.214,2820.264,NO 25/11-G-30 Y2
921,Screen,2882.367,2857.595,NO 25/11-G-30 Y2
922,Screen,2981.362,2894.804,NO 25/11-G-30 Y2
923,Screen - generic,3876.377,2981.362,NO 25/11-G-30 Y2
306,Screen - generic,4492.55,4238.503,NO 25/11-G-31 BY1T3
307,Screen w. Swell Packer - generic,4504.89,4492.55,NO 25/11-G-31 BY1T3
308,Screen - generic,4542.046,4504.89,NO 25/11-G-31 BY1T3
309,Screen w. Swell Packer - generic,4554.432,4542.046,NO 25/11-G-31 BY1T3
310,Screen - generic,4629.155,4554.432,NO 25/11-G-31 BY1T3
1316,Screen - generic,4423.57,4255.819,NO 25/11-G-31 BY2
1317,Screen w. Swell Packer - generic,4435.629,4423.57,NO 25/11-G-31 BY2
1318,Screen - generic,4473.012,4435.629,NO 25/11-G-31 BY2
1319,Screen w. Swell Packer - generic,4485.409,4473.012,NO 25/11-G-31 BY2
1320,Screen - generic,4571.559,4485.409,NO 25/11-G-31 BY2
1321,Screen w. Swell Packer - generic,4583.613,4571.559,NO 25/11-G-31 BY2
1322,Screen - generic,4595.955,4583.613,NO 25/11-G-31 BY2
1323,Screen w. Swell Packer - generic,4607.465,4595.955,NO 25/11-G-31 BY2
1324,Screen - generic,4680.126,4607.465,NO 25/11-G-31 BY2
1325,Screen w. Swell Packer - generic,4692.468,4680.126,NO 25/11-G-31 BY2
1326,Screen - generic,4742.082,4692.468,NO 25/11-G-31 BY2
1241,Screen - generic,3368.639,3240.101,NO 25/11-G-32
1242,Screen - generic,3404.847,3381.614,NO 25/11-G-32
983,Screen,2868.031,2669.612,NO 25/11-G-34
984,Screen,3069.695,2870.841,NO 25/11-G-34
985,Screen,3267.925,3069.695,NO 25/11-G-34
207,Screen - generic,3130.0,3115.511,NO 25/11-G-34 AY1
208,Screen - generic,3343.357,3319.349,NO 25/11-G-34 AY1
209,Screen - generic,3379.172,3355.176,NO 25/11-G-34 AY1
210,Screen - generic,3414.868,3390.984,NO 25/11-G-34 AY1
211,Screen - generic,3522.501,3426.68,NO 25/11-G-34 AY1
212,Screen w. Swell Packer - generic,3534.497,3522.501,NO 25/11-G-34 AY1
213,Screen - generic,3664.677,3534.497,NO 25/11-G-34 AY1
422,Screen - generic,3139.186,3115.5110000000004,NO 25/11-G-34 AY2
423,Screen - generic,3158.505,3146.496,NO 25/11-G-34 AY2
424,Screen w. Swell Packer - generic,3170.2650000000003,3158.505,NO 25/11-G-34 AY2
425,Screen - generic,3278.1360000000004,3170.2650000000003,NO 25/11-G-34 AY2
426,Screen w. Swell Packer - generic,3290.132,3278.1360000000004,NO 25/11-G-34 AY2
427,Screen - generic,3433.5350000000003,3290.132,NO 25/11-G-34 AY2
428,Screen w. Swell Packer - generic,3445.452,3433.5350000000003,NO 25/11-G-34 AY2
429,Screen - generic,3774.8210000000004,3445.452,NO 25/11-G-34 AY2
430,Screen - generic,3927.824,3774.8210000000004,NO 25/11-G-34 AY2
602,Screen - generic,3271.4600000000005,3247.452,NO 25/11-G-34 AY3
603,Screen - generic,3307.244,3283.4280000000003,NO 25/11-G-34 AY3
604,Screen - generic,3342.871,3319.2110000000002,NO 25/11-G-34 AY3
605,Screen - generic,3437.2580000000003,3354.8350000000005,NO 25/11-G-34 AY3
606,Screen - generic,3449.0640000000003,3437.2580000000003,NO 25/11-G-34 AY3
607,Screen - generic,3590.1240000000003,3449.0640000000003,NO 25/11-G-34 AY3
764,Screen - generic,2666.9120000000003,2643.485,NO 25/11-G-34 AY4
765,Screen - generic,2702.4370000000004,2678.8750000000005,NO 25/11-G-34 AY4
766,Screen - generic,2737.8170000000005,2714.3970000000004,NO 25/11-G-34 AY4
767,Screen - generic,2773.28,2749.7900000000004,NO 25/11-G-34 AY4
768,Screen - generic,2808.755,2785.2360000000003,NO 25/11-G-34 AY4
769,Screen - generic,2844.226,2820.7230000000004,NO 25/11-G-34 AY4
770,Screen - generic,2879.686,2856.186,NO 25/11-G-34 AY4
771,Screen - generic,2915.1820000000002,2891.684,NO 25/11-G-34 AY4
772,Screen - generic,2950.456,2927.005,NO 25/11-G-34 AY4
773,Screen - generic,2985.9010000000003,2962.4120000000003,NO 25/11-G-34 AY4
774,Screen - generic,3021.166,2997.7250000000004,NO 25/11-G-34 AY4
775,Screen - generic,3056.6220000000003,3033.1200000000003,NO 25/11-G-34 AY4
776,Screen - generic,3091.9800000000005,3068.5910000000003,NO 25/11-G-34 AY4
777,Screen - generic,3127.4860000000003,3103.943,NO 25/11-G-34 AY4
778,Screen - generic,3163.065,3139.478,NO 25/11-G-34 AY4
779,Screen - generic,3186.7980000000002,3175.0220000000004,NO 25/11-G-34 AY4
759,Screen - generic,3198.577,3186.7980000000002,NO 25/11-G-34 AY4
760,Screen - generic,3234.0310000000004,3210.5800000000004,NO 25/11-G-34 AY4
761,Screen - generic,3269.4130000000005,3245.983,NO 25/11-G-34 AY4
762,Screen - generic,3304.7630000000004,3281.327,NO 25/11-G-34 AY4
763,Screen - generic,3351.981,3316.708,NO 25/11-G-34 AY4
560,Screen,2878.481,2517.329,NO 25/11-G-35 AT2
561,Screen w. Swell Packer - generic,2890.17,2878.481,NO 25/11-G-35 AT2
562,Screen,3463.54,2890.17,NO 25/11-G-35 AT2
563,Screen,3493.912,3470.54,NO 25/11-G-35 AT2
564,Screen w. Swell Packer - generic,3505.599,3493.912,NO 25/11-G-35 AT2
565,Screen,3517.278,3505.599,NO 25/11-G-35 AT2
566,Screen,3575.65,3517.278,NO 25/11-G-35 AT2
567,Screen,3599.832,3588.159,NO 25/11-G-35 AT2
568,Screen,3624.004,3612.344,NO 25/11-G-35 AT2
569,Screen,3759.034,3746.508,NO 25/11-G-35 AT2
570,Screen,3796.536,3784.041,NO 25/11-G-35 AT2
571,Screen,3834.043,3821.533,NO 25/11-G-35 AT2
572,Screen,3859.049,3846.543,NO 25/11-G-35 AT2
573,Screen,3884.06,3871.556,NO 25/11-G-35 AT2
574,Screen,3945.865,3895.83,NO 25/11-G-35 AT2
575,Screen & Blank Pipe - generic,4519.689,3945.865,NO 25/11-G-35 AT2
576,Screen,4569.718,4519.689,NO 25/11-G-35 AT2
577,Screen,4582.098,4569.718,NO 25/11-G-35 AT2
1208,Screen - generic,2824.193,2812.378,NO 25/11-G-35 BY1
1209,Screen - generic,2847.852,2836.038,NO 25/11-G-35 BY1
1210,Screen - generic,2871.682,2859.683,NO 25/11-G-35 BY1
1211,Screen - generic,2895.521,2883.523,NO 25/11-G-35 BY1
1223,Screen - generic,2943.029,2907.22,NO 25/11-G-35 BY1
1224,Screen - generic,2990.694,2954.867,NO 25/11-G-35 BY1
1225,Screen - generic,3037.631,3002.011,NO 25/11-G-35 BY1
1226,Screen - generic,3086.332,3049.453,NO 25/11-G-35 BY1
1227,Screen - generic,3133.64,3097.636,NO 25/11-G-35 BY1
1228,Screen - generic,3181.189,3145.479,NO 25/11-G-35 BY1
1229,Screen - generic,3204.904,3192.888,NO 25/11-G-35 BY1
1230,Screen - generic,3228.446,3216.749,NO 25/11-G-35 BY1
1231,Screen - generic,3252.132,3240.134,NO 25/11-G-35 BY1
1232,Screen - generic,3417.804,3394.303,NO 25/11-G-35 BY1
1233,Screen - generic,3465.193,3429.644,NO 25/11-G-35 BY1
1234,Screen - generic,3512.882,3477.011,NO 25/11-G-35 BY1
1235,Screen - generic,3560.665,3524.697,NO 25/11-G-35 BY1
1236,Screen - generic,3608.315,3572.485,NO 25/11-G-35 BY1
1237,Screen - generic,3655.825,3620.137,NO 25/11-G-35 BY1
1238,Screen - generic,3691.541,3667.666,NO 25/11-G-35 BY1
1239,Screen - generic,3738.895,3703.557,NO 25/11-G-35 BY1
1240,Screen - generic,3774.934,3750.911,NO 25/11-G-35 BY1
1212,Screen - generic,3821.846,3786.762,NO 25/11-G-35 BY1
1213,Screen - generic,3857.731,3833.695,NO 25/11-G-35 BY1
1214,Screen - generic,3905.175,3869.558,NO 25/11-G-35 BY1
1215,Screen - generic,3941.026,3917.016,NO 25/11-G-35 BY1
1216,Screen - generic,3988.737,3952.848,NO 25/11-G-35 BY1
1217,Screen - generic,4023.734,4000.042,NO 25/11-G-35 BY1
1218,Screen - generic,4070.75,4035.19,NO 25/11-G-35 BY1
1219,Screen - generic,4106.589,4082.576,NO 25/11-G-35 BY1
1220,Screen - generic,4154.265,4118.431,NO 25/11-G-35 BY1
1221,Screen - generic,4190.121,4166.086,NO 25/11-G-35 BY1
1222,Screen - generic,4237.523,4201.937,NO 25/11-G-35 BY1
179,Screen w. Swell Packer - generic,2703.774,2691.959,NO 25/11-G-35 BY2T3
180,Screen w. Swell Packer - generic,2727.765,2715.768,NO 25/11-G-35 BY2T3
181,Screen - generic,2739.769,2727.765,NO 25/11-G-35 BY2T3
182,Screen - generic,2763.79,2751.774,NO 25/11-G-35 BY2T3
183,Screen w. Swell Packer - generic,2775.786,2763.79,NO 25/11-G-35 BY2T3
184,Screen - generic,2787.799,2775.786,NO 25/11-G-35 BY2T3
185,Screen w. Swell Packer - generic,2799.82,2787.799,NO 25/11-G-35 BY2T3
186,Screen - generic,2847.034,2799.82,NO 25/11-G-35 BY2T3
187,Screen w. Swell Packer - generic,2858.789,2847.034,NO 25/11-G-35 BY2T3
188,Screen - generic,2894.532,2858.789,NO 25/11-G-35 BY2T3
189,Screen w. Swell Packer - generic,2906.546,2894.532,NO 25/11-G-35 BY2T3
190,Screen - generic,2942.571,2906.546,NO 25/11-G-35 BY2T3
191,Screen w. Swell Packer - generic,2954.573,2942.571,NO 25/11-G-35 BY2T3
192,Screen w. Swell Packer - generic,2978.407,2966.403,NO 25/11-G-35 BY2T3
193,Screen - generic,3263.961,2978.407,NO 25/11-G-35 BY2T3
381,Screen w. Swell Packer - generic,2519.309,2507.316,NO 25/11-G-35 BY3T2
382,Screen - generic,2555.131,2519.309,NO 25/11-G-35 BY3T2
383,Screen w. Swell Packer - generic,2567.132,2555.131,NO 25/11-G-35 BY3T2
384,Screen - generic,2937.101,2567.132,NO 25/11-G-35 BY3T2
615,Screen - generic,1962.84,1422.83,NO 25/11-G-36
945,Screen,4885.214,4477.702,NO 25/11-G-38 AY1T2
946,Screen,5119.453,4934.621,NO 25/11-G-38 AY1T2
947,Screen,6398.22,5623.63,NO 25/11-G-38 AY1T2
404,Screen,4672.008,4537.711,NO 25/11-G-38 AY2T3
402,Screen,6052.744,4708.682,NO 25/11-G-38 AY2T3
403,Screen,6643.48,6298.217,NO 25/11-G-38 AY2T3
453,Screen & Blank Pipe - generic,4432.848,4346.222,NO 25/11-G-38 AY3
454,Screen,4494.801,4445.188,NO 25/11-G-38 AY3
455,Screen,4515.717,4503.531,NO 25/11-G-38 AY3
456,Screen,5068.545,4615.509,NO 25/11-G-38 AY3
457,Screen & Blank Pipe - generic,5155.04,5068.545,NO 25/11-G-38 AY3
458,Screen,5864.378,5155.04,NO 25/11-G-38 AY3
459,Screen & Blank Pipe - generic,5950.27,5864.378,NO 25/11-G-38 AY3
460,Screen,6246.314,5950.27,NO 25/11-G-38 AY3
461,Screen & Blank Pipe - generic,6392.943,6258.013,NO 25/11-G-38 AY3
462,Screen,6577.937,6405.457,NO 25/11-G-38 AY3
463,Screen,7055.756,6762.128,NO 25/11-G-38 AY3
61,Screen - generic,5050.544,4653.636,NO 25/11-G-39 BY1
62,Screen - generic,5458.802,5056.124,NO 25/11-G-39 BY1
63,Screen w. Swell Packer - generic,5470.948,5458.802,NO 25/11-G-39 BY1
64,Screen - generic,5569.107,5470.948,NO 25/11-G-39 BY1
65,Screen - generic,6003.919,5569.107,NO 25/11-G-39 BY1
66,Screen - generic,6128.998,6003.919,NO 25/11-G-39 BY1
1195,Screen - generic,4943.904,4547.864,NO 25/11-G-39 BY2
1196,Screen - generic,5469.256,4949.734,NO 25/11-G-39 BY2
1197,Screen - generic,6352.146,5469.256,NO 25/11-G-39 BY2
1198,Screen - generic,6651.185,6352.146,NO 25/11-G-39 BY2
616,Screen - generic,4865.191,4468.714,NO 25/11-G-39 BY3
617,Screen - generic,4970.205,4871.041,NO 25/11-G-39 BY3
618,Screen - generic,5169.229,4970.205,NO 25/11-G-39 BY3
619,Screen - generic,5393.738,5169.229,NO 25/11-G-39 BY3
950,Screen - generic,4871.939,4404.875,NO 25/11-G-39 CY1T2
951,Screen - generic,4883.952,4871.939,NO 25/11-G-39 CY1T2
952,Screen - generic,5003.391,4883.952,NO 25/11-G-39 CY1T2
953,Screen - generic,5014.819,5003.391,NO 25/11-G-39 CY1T2
954,Screen - generic,5038.865,5014.819,NO 25/11-G-39 CY1T2
955,Screen - generic,5050.876,5038.865,NO 25/11-G-39 CY1T2
956,Screen - generic,5350.719,5050.876,NO 25/11-G-39 CY1T2
957,Screen - generic,5362.73,5350.719,NO 25/11-G-39 CY1T2
958,Screen - generic,5698.845,5362.73,NO 25/11-G-39 CY1T2
959,Screen - generic,5710.852,5698.845,NO 25/11-G-39 CY1T2
960,Screen - generic,6106.882,5710.852,NO 25/11-G-39 CY1T2
961,Screen - generic,6118.397,6106.882,NO 25/11-G-39 CY1T2
962,Screen - generic,6395.481,6118.397,NO 25/11-G-39 CY1T2
963,Screen - generic,6407.176,6395.481,NO 25/11-G-39 CY1T2
964,Screen - generic,6610.253,6407.176,NO 25/11-G-39 CY1T2
965,Screen - generic,6622.186,6610.253,NO 25/11-G-39 CY1T2
966,Screen - generic,6742.377,6622.186,NO 25/11-G-39 CY1T2
967,Screen - generic,6754.392,6742.377,NO 25/11-G-39 CY1T2
968,Screen - generic,6924.696,6754.392,NO 25/11-G-39 CY1T2
969,Screen - generic,6936.429,6924.696,NO 25/11-G-39 CY1T2
970,Screen - generic,6984.416,6936.429,NO 25/11-G-39 CY1T2
151,Screen - generic,4892.335,4365.857,NO 25/11-G-39 CY2
152,Screen - generic,4904.347,4892.335,NO 25/11-G-39 CY2
153,Screen - generic,4963.932,4904.347,NO 25/11-G-39 CY2
154,Screen - generic,5155.999,4963.932,NO 25/11-G-39 CY2
155,Screen - generic,5180.012,5168.0,NO 25/11-G-39 CY2
156,Screen - generic,5239.615,5180.012,NO 25/11-G-39 CY2
157,Screen - generic,5251.619,5239.615,NO 25/11-G-39 CY2
158,Screen - generic,5574.619,5251.619,NO 25/11-G-39 CY2
159,Screen - generic,6845.338,5586.62,NO 25/11-G-39 CY2
1285,Screen - generic,4464.293,4368.171,NO 25/11-G-39 CY3T2
1286,Screen w. Swell Packer - generic,4475.999,4464.293,NO 25/11-G-39 CY3T2
1287,Screen - generic,4596.099,4475.999,NO 25/11-G-39 CY3T2
1288,Screen w. Swell Packer - generic,4607.937,4596.099,NO 25/11-G-39 CY3T2
1289,Screen - generic,4643.947,4607.937,NO 25/11-G-39 CY3T2
1290,Screen w. Swell Packer - generic,4655.351,4643.947,NO 25/11-G-39 CY3T2
1291,Screen - generic,4847.18,4655.351,NO 25/11-G-39 CY3T2
1292,Screen w. Swell Packer - generic,4858.946,4847.18,NO 25/11-G-39 CY3T2
1293,Screen - generic,5083.704,4858.946,NO 25/11-G-39 CY3T2
1294,Screen - generic,5118.997,5083.704,NO 25/11-G-39 CY3T2
1295,Screen w. Swell Packer - generic,5130.5,5118.997,NO 25/11-G-39 CY3T2
1296,Screen - generic,5201.885,5189.865,NO 25/11-G-39 CY3T2
1297,Screen - generic,5225.429,5213.712,NO 25/11-G-39 CY3T2
1298,Screen w. Swell Packer - generic,5249.463,5237.434,NO 25/11-G-39 CY3T2
1299,Screen - generic,5332.147,5249.463,NO 25/11-G-39 CY3T2
1300,Screen w. Swell Packer - generic,5343.439,5332.147,NO 25/11-G-39 CY3T2
1301,Screen - generic,5557.589,5343.439,NO 25/11-G-39 CY3T2
1302,Screen - generic,5605.225,5569.593,NO 25/11-G-39 CY3T2
1303,Screen w. Swell Packer - generic,5628.561,5617.231,NO 25/11-G-39 CY3T2
1304,Screen - generic,5867.816,5628.561,NO 25/11-G-39 CY3T2
1305,Screen w. Swell Packer - generic,5879.833,5867.816,NO 25/11-G-39 CY3T2
1306,Screen - generic,6011.478,5879.833,NO 25/11-G-39 CY3T2
1307,Screen w. Swell Packer - generic,6023.507,6011.478,NO 25/11-G-39 CY3T2
1308,Screen - generic,6083.446,6023.507,NO 25/11-G-39 CY3T2
1309,Screen w. Swell Packer - generic,6095.347,6083.446,NO 25/11-G-39 CY3T2
1310,Screen - generic,6344.522,6095.347,NO 25/11-G-39 CY3T2
1311,Screen w. Swell Packer - generic,6356.234,6344.522,NO 25/11-G-39 CY3T2
1312,Screen - generic,6510.362,6356.234,NO 25/11-G-39 CY3T2
1313,Screen w. Swell Packer - generic,6522.065,6510.362,NO 25/11-G-39 CY3T2
1314,Screen - generic,6641.217,6534.086,NO 25/11-G-39 CY3T2
1315,Screen - generic,6960.668,6641.217,NO 25/11-G-39 CY3T2
803,Screen - generic,6424.907,6299.857,NO 25/11-G-4 T2
1181,Screen,2739.312,2330.34,NO 25/11-G-40 AT3
1182,Screen - generic,2948.57,2739.312,NO 25/11-G-40 AT3
1183,Screen w. Swell Packer - generic,2960.26,2948.57,NO 25/11-G-40 AT3
1184,Screen w. Swell Packer - generic,2971.948,2960.26,NO 25/11-G-40 AT3
1185,Screen - generic,2983.64,2971.948,NO 25/11-G-40 AT3
1186,Screen w. Swell Packer - generic,2995.328,2983.64,NO 25/11-G-40 AT3
1187,Screen - generic,3076.769,2995.328,NO 25/11-G-40 AT3
1188,Screen,3149.023,3078.829,NO 25/11-G-40 AT3
1189,Screen,3300.659,3149.023,NO 25/11-G-40 AT3
1190,Screen,3370.839,3300.659,NO 25/11-G-40 AT3
1191,Screen,3593.08,3370.839,NO 25/11-G-40 AT3
1192,Screen,3862.12,3593.08,NO 25/11-G-40 AT3
1193,Screen,3890.972,3879.276,NO 25/11-G-40 AT3
1194,Screen,3931.54,3908.152,NO 25/11-G-40 AT3
1138,Screen - generic,2954.968,2799.834,NO 25/11-G-40 BY1T2
1139,Screen w. Swell Packer - generic,2966.982,2954.968,NO 25/11-G-40 BY1T2
1140,Screen - generic,3237.104,2966.982,NO 25/11-G-40 BY1T2
1141,Screen w. Swell Packer - generic,3249.087,3237.104,NO 25/11-G-40 BY1T2
1142,Screen - generic,3344.456,3249.087,NO 25/11-G-40 BY1T2
1143,Screen w. Swell Packer - generic,3356.336,3344.456,NO 25/11-G-40 BY1T2
464,Screen,2602.586,2590.869,NO 25/11-G-5 BY1T2
465,Screen,2651.241,2638.836,NO 25/11-G-5 BY1T2
466,Screen & Blank Pipe - generic,2990.714,2734.908,NO 25/11-G-5 BY1T2
467,Screen & Blank Pipe - generic,3246.551,2990.714,NO 25/11-G-5 BY1T2
468,Screen,3421.294,3246.551,NO 25/11-G-5 BY1T2
469,Screen,3784.653,3421.294,NO 25/11-G-5 BY1T2
53,Screen & Blank Pipe - generic,2728.308,2391.559,NO 25/11-G-5 BY2
54,Screen & Blank Pipe - generic,2968.05,2764.25,NO 25/11-G-5 BY2
55,Screen,3101.314,2968.05,NO 25/11-G-5 BY2
56,Screen w. Swell Packer - generic,3112.403,3101.314,NO 25/11-G-5 BY2
57,Screen,3245.846,3112.403,NO 25/11-G-5 BY2
58,Screen w. Swell Packer - generic,3258.198,3245.846,NO 25/11-G-5 BY2
59,Screen,3611.363,3258.198,NO 25/11-G-5 BY2
60,Screen,3827.716,3766.715,NO 25/11-G-5 BY2
620,Screen w. Swell Packer - generic,2360.374,2348.32,NO 25/11-G-5 BY3
621,Screen & Blank Pipe - generic,3086.3,2360.374,NO 25/11-G-5 BY3
622,Screen w. Swell Packer - generic,3098.319,3086.3,NO 25/11-G-5 BY3
623,Screen,3658.178,3098.319,NO 25/11-G-5 BY3
624,Screen,3863.321,3706.248,NO 25/11-G-5 BY3
508,Screen & Blank Pipe - generic,2354.888,2184.763,NO 25/11-G-5 BY4T3
503,Screen,2415.592,2403.072,NO 25/11-G-5 BY4T3
504,Screen,2464.268,2451.757,NO 25/11-G-5 BY4T3
505,Screen w. Swell Packer - generic,2512.805,2500.415,NO 25/11-G-5 BY4T3
506,Screen,2537.503,2512.805,NO 25/11-G-5 BY4T3
507,Screen,2851.26,2537.503,NO 25/11-G-5 BY4T3
1256,Screen - generic,2862.151,2850.582,NO 25/11-G-5 CY1T4
1257,Screen - generic,2884.775,2873.0,NO 25/11-G-5 CY1T4
1258,Screen - generic,2908.479,2896.782,NO 25/11-G-5 CY1T4
1248,Screen - generic,2931.57,2920.005,NO 25/11-G-5 CY1T4
1249,Screen - generic,2954.664,2943.573,NO 25/11-G-5 CY1T4
1250,Screen w. Swell Packer - generic,2978.374,2966.66,NO 25/11-G-5 CY1T4
1251,Screen - generic,3002.134,2990.381,NO 25/11-G-5 CY1T4
1252,Screen - generic,3025.721,3014.14,NO 25/11-G-5 CY1T4
1253,Screen - generic,3049.445,3037.572,NO 25/11-G-5 CY1T4
1254,Screen - generic,3073.099,3061.399,NO 25/11-G-5 CY1T4
1255,Screen - generic,3096.862,3085.11,NO 25/11-G-5 CY1T4
1259,Screen - generic,3119.488,3107.711,NO 25/11-G-5 CY1T4
1260,Screen - generic,3157.19,3145.406,NO 25/11-G-5 CY1T4
1261,Screen - generic,3180.465,3168.793,NO 25/11-G-5 CY1T4
1262,Screen - generic,3203.971,3192.465,NO 25/11-G-5 CY1T4
1263,Screen w. Swell Packer - generic,3227.601,3215.785,NO 25/11-G-5 CY1T4
1264,Screen w. Swell Packer - generic,3251.387,3239.621,NO 25/11-G-5 CY1T4
1265,Screen - generic,3275.111,3263.399,NO 25/11-G-5 CY1T4
1266,Screen - generic,3298.877,3287.124,NO 25/11-G-5 CY1T4
1267,Screen w. Swell Packer - generic,3322.4,3310.595,NO 25/11-G-5 CY1T4
1268,Screen - generic,3346.184,3334.411,NO 25/11-G-5 CY1T4
1269,Screen - generic,3368.939,3357.156,NO 25/11-G-5 CY1T4
1270,Screen - generic,3392.642,3380.867,NO 25/11-G-5 CY1T4
1271,Screen - generic,3416.249,3404.474,NO 25/11-G-5 CY1T4
1272,Screen - generic,3439.855,3428.071,NO 25/11-G-5 CY1T4
1273,Screen - generic,3462.918,3451.552,NO 25/11-G-5 CY1T4
1274,Screen - generic,3486.516,3474.742,NO 25/11-G-5 CY1T4
1275,Screen - generic,3510.135,3498.352,NO 25/11-G-5 CY1T4
1276,Screen - generic,3533.689,3521.972,NO 25/11-G-5 CY1T4
1277,Screen - generic,3557.308,3545.529,NO 25/11-G-5 CY1T4
7,Screen - generic,2816.032,2804.246,NO 25/11-G-5 CY2T2
8,Screen - generic,2851.931,2839.926,NO 25/11-G-5 CY2T2
9,Screen - generic,2887.71,2875.884,NO 25/11-G-5 CY2T2
10,Screen - generic,2922.932,2911.577,NO 25/11-G-5 CY2T2
11,Screen - generic,2945.578,2934.199,NO 25/11-G-5 CY2T2
12,Screen - generic,2969.297,2957.526,NO 25/11-G-5 CY2T2
13,Screen - generic,2993.03,2981.257,NO 25/11-G-5 CY2T2
14,Screen - generic,3016.2,3004.73,NO 25/11-G-5 CY2T2
15,Screen - generic,3039.928,3028.153,NO 25/11-G-5 CY2T2
16,Screen - generic,3063.659,3051.882,NO 25/11-G-5 CY2T2
17,Screen - generic,3087.383,3075.611,NO 25/11-G-5 CY2T2
18,Screen - generic,3158.979,3147.22,NO 25/11-G-5 CY2T2
19,Screen - generic,3182.762,3170.989,NO 25/11-G-5 CY2T2
20,Screen - generic,3206.497,3194.739,NO 25/11-G-5 CY2T2
21,Screen - generic,3230.206,3218.45,NO 25/11-G-5 CY2T2
22,Screen - generic,3253.939,3242.163,NO 25/11-G-5 CY2T2
23,Screen - generic,3277.763,3265.935,NO 25/11-G-5 CY2T2
24,Screen - generic,3301.59,3289.72,NO 25/11-G-5 CY2T2
25,Screen - generic,3325.369,3313.592,NO 25/11-G-5 CY2T2
26,Screen - generic,3361.057,3349.371,NO 25/11-G-5 CY2T2
27,Screen - generic,3396.737,3385.008,NO 25/11-G-5 CY2T2
28,Screen - generic,3432.527,3420.7,NO 25/11-G-5 CY2T2
29,Screen - generic,3468.265,3456.479,NO 25/11-G-5 CY2T2
30,Screen w. Swell Packer - generic,3503.856,3492.168,NO 25/11-G-5 CY2T2
31,Screen - generic,3527.636,3515.862,NO 25/11-G-5 CY2T2
32,Screen - generic,3551.358,3539.58,NO 25/11-G-5 CY2T2
33,Screen - generic,3575.084,3563.316,NO 25/11-G-5 CY2T2
34,Screen - generic,3598.687,3587.042,NO 25/11-G-5 CY2T2
35,Screen - generic,3622.499,3610.641,NO 25/11-G-5 CY2T2
36,Screen - generic,3645.837,3634.453,NO 25/11-G-5 CY2T2
37,Screen - generic,3669.564,3657.783,NO 25/11-G-5 CY2T2
0,Screen - generic,3692.671,3681.504,NO 25/11-G-5 CY2T2
1,Screen - generic,3715.474,3703.718,NO 25/11-G-5 CY2T2
2,Screen - generic,3738.853,3727.43,NO 25/11-G-5 CY2T2
3,Screen - generic,3762.536,3750.822,NO 25/11-G-5 CY2T2
4,Screen - generic,3786.305,3774.487,NO 25/11-G-5 CY2T2
5,Screen - generic,3810.104,3798.276,NO 25/11-G-5 CY2T2
6,Screen - generic,3833.806,3822.05,NO 25/11-G-5 CY2T2
864,Screen - generic,2716.486,2704.718,NO 25/11-G-5 CY3T2
865,Screen - generic,2740.16,2728.437,NO 25/11-G-5 CY3T2
866,Screen - generic,2763.875,2752.163,NO 25/11-G-5 CY3T2
867,Screen - generic,2787.861,2775.835,NO 25/11-G-5 CY3T2
868,Screen - generic,2811.568,2799.868,NO 25/11-G-5 CY3T2
869,Screen - generic,2835.232,2823.527,NO 25/11-G-5 CY3T2
870,Screen - generic,2859.015,2847.24,NO 25/11-G-5 CY3T2
871,Screen - generic,2882.776,2870.961,NO 25/11-G-5 CY3T2
872,Screen - generic,2906.295,2894.727,NO 25/11-G-5 CY3T2
873,Screen - generic,2929.952,2918.257,NO 25/11-G-5 CY3T2
874,Screen - generic,2953.674,2941.954,NO 25/11-G-5 CY3T2
875,Screen - generic,2977.547,2965.683,NO 25/11-G-5 CY3T2
876,Screen - generic,3000.914,2989.537,NO 25/11-G-5 CY3T2
877,Screen - generic,3024.636,3012.867,NO 25/11-G-5 CY3T2
878,Screen - generic,3048.358,3036.642,NO 25/11-G-5 CY3T2
879,Screen - generic,3071.645,3060.304,NO 25/11-G-5 CY3T2
880,Screen - generic,3095.418,3083.605,NO 25/11-G-5 CY3T2
851,Screen - generic,3165.213,3153.498,NO 25/11-G-5 CY3T2
881,Screen - generic,3189.181,3177.165,NO 25/11-G-5 CY3T2
882,Screen - generic,3213.007,3201.134,NO 25/11-G-5 CY3T2
883,Screen - generic,3236.968,3224.968,NO 25/11-G-5 CY3T2
884,Screen - generic,3260.947,3248.927,NO 25/11-G-5 CY3T2
885,Screen w. Swell Packer - generic,3284.658,3272.955,NO 25/11-G-5 CY3T2
886,Screen - generic,3308.527,3296.659,NO 25/11-G-5 CY3T2
887,Screen - generic,3331.876,3320.468,NO 25/11-G-5 CY3T2
888,Screen - generic,3355.611,3343.834,NO 25/11-G-5 CY3T2
889,Screen - generic,3379.383,3367.61,NO 25/11-G-5 CY3T2
890,Screen - generic,3403.149,3391.337,NO 25/11-G-5 CY3T2
891,Screen - generic,3426.908,3415.109,NO 25/11-G-5 CY3T2
892,Screen - generic,3450.883,3438.873,NO 25/11-G-5 CY3T2
893,Screen - generic,3474.837,3462.817,NO 25/11-G-5 CY3T2
894,Screen - generic,3498.787,3486.79,NO 25/11-G-5 CY3T2
895,Screen - generic,3521.983,3510.786,NO 25/11-G-5 CY3T2
896,Screen - generic,3545.646,3533.938,NO 25/11-G-5 CY3T2
897,Screen - generic,3569.47,3557.61,NO 25/11-G-5 CY3T2
898,Screen - generic,3593.223,3581.407,NO 25/11-G-5 CY3T2
899,Screen - generic,3617.219,3605.223,NO 25/11-G-5 CY3T2
900,Screen - generic,3641.187,3629.17,NO 25/11-G-5 CY3T2
901,Screen - generic,3665.207,3653.195,NO 25/11-G-5 CY3T2
902,Screen - generic,3688.392,3676.693,NO 25/11-G-5 CY3T2
903,Screen - generic,3712.056,3700.35,NO 25/11-G-5 CY3T2
904,Screen - generic,3736.024,3724.005,NO 25/11-G-5 CY3T2
905,Screen - generic,3759.318,3748.02,NO 25/11-G-5 CY3T2
906,Screen - generic,3783.122,3771.316,NO 25/11-G-5 CY3T2
907,Screen - generic,3806.829,3795.129,NO 25/11-G-5 CY3T2
908,Screen - generic,3830.802,3818.785,NO 25/11-G-5 CY3T2
909,Screen - generic,3854.442,3842.629,NO 25/11-G-5 CY3T2
910,Screen - generic,3878.039,3866.353,NO 25/11-G-5 CY3T2
911,Screen - generic,3901.997,3889.989,NO 25/11-G-5 CY3T2
912,Screen - generic,3925.743,3913.943,NO 25/11-G-5 CY3T2
913,Screen - generic,3949.567,3937.706,NO 25/11-G-5 CY3T2
914,Screen w. Swell Packer - generic,3973.514,3961.516,NO 25/11-G-5 CY3T2
915,Screen - generic,3997.119,3985.425,NO 25/11-G-5 CY3T2
916,Screen - generic,4020.733,4009.032,NO 25/11-G-5 CY3T2
852,Screen - generic,4044.678,4032.683,NO 25/11-G-5 CY3T2
853,Screen - generic,4068.63,4056.623,NO 25/11-G-5 CY3T2
854,Screen - generic,4092.581,4080.576,NO 25/11-G-5 CY3T2
855,Screen - generic,4116.397,4104.532,NO 25/11-G-5 CY3T2
856,Screen - generic,4139.939,4128.241,NO 25/11-G-5 CY3T2
857,Screen - generic,4163.587,4151.89,NO 25/11-G-5 CY3T2
858,Screen - generic,4187.544,4175.544,NO 25/11-G-5 CY3T2
859,Screen - generic,4211.489,4199.493,NO 25/11-G-5 CY3T2
860,Screen - generic,4235.191,4223.494,NO 25/11-G-5 CY3T2
861,Screen - generic,4259.199,4247.201,NO 25/11-G-5 CY3T2
862,Screen - generic,4283.013,4271.199,NO 25/11-G-5 CY3T2
863,Screen - generic,4306.635,4294.959,NO 25/11-G-5 CY3T2
917,Screen,1004.98,0.0,NO 25/11-G-5 T2
918,Screen,373.78999999999996,0.0,NO 25/11-G-5 T2
948,Screen,3162.968,2194.979,NO 25/11-G-6
949,Screen,4313.309,3170.167,NO 25/11-G-6
1101,Screen - generic,2985.251,2678.57,NO 25/11-G-6 AY1T3
1102,Screen - generic,3009.279,2997.258,NO 25/11-G-6 AY1T3
1074,Screen - generic,3032.739,3021.282,NO 25/11-G-6 AY1T3
1075,Screen - generic,3057.086,3044.744,NO 25/11-G-6 AY1T3
1076,Screen - generic,3081.445,3069.095,NO 25/11-G-6 AY1T3
1077,Screen - generic,3104.649,3093.452,NO 25/11-G-6 AY1T3
1078,Screen - generic,3128.146,3116.655,NO 25/11-G-6 AY1T3
1079,Screen - generic,3151.992,3140.15,NO 25/11-G-6 AY1T3
1080,Screen - generic,3175.809,3163.997,NO 25/11-G-6 AY1T3
1081,Screen - generic,3200.157,3187.816,NO 25/11-G-6 AY1T3
1082,Screen - generic,3224.509,3212.168,NO 25/11-G-6 AY1T3
1083,Screen - generic,3248.531,3236.38,NO 25/11-G-6 AY1T3
1084,Screen - generic,3272.769,3260.551,NO 25/11-G-6 AY1T3
1085,Screen - generic,3297.124,3284.782,NO 25/11-G-6 AY1T3
1086,Screen - generic,3321.191,3309.14,NO 25/11-G-6 AY1T3
1087,Screen - generic,3345.544,3333.189,NO 25/11-G-6 AY1T3
1088,Screen - generic,3369.575,3357.542,NO 25/11-G-6 AY1T3
1089,Screen - generic,3393.614,3381.578,NO 25/11-G-6 AY1T3
1090,Screen - generic,3417.156,3405.101,NO 25/11-G-6 AY1T3
1091,Screen - generic,3441.509,3429.166,NO 25/11-G-6 AY1T3
1092,Screen - generic,3465.86,3453.517,NO 25/11-G-6 AY1T3
1093,Screen - generic,3489.909,3477.868,NO 25/11-G-6 AY1T3
1094,Screen - generic,3514.26,3501.92,NO 25/11-G-6 AY1T3
1095,Screen - generic,3537.763,3525.754,NO 25/11-G-6 AY1T3
1096,Screen - generic,3561.804,3549.778,NO 25/11-G-6 AY1T3
1097,Screen - generic,3586.162,3573.822,NO 25/11-G-6 AY1T3
1098,Screen w. Swell Packer - generic,3598.666,3586.162,NO 25/11-G-6 AY1T3
1099,Screen - generic,4239.472,3598.666,NO 25/11-G-6 AY1T3
1100,Screen w. Swell Packer - generic,4251.905,4239.472,NO 25/11-G-6 AY1T3
1171,Screen - generic,4151.961,3695.089,NO 25/11-G-6 AY2
221,Screen - generic,2830.515,2818.21,NO 25/11-G-6 AY3
222,Screen - generic,2866.79,2841.998,NO 25/11-G-6 AY3
223,Screen - generic,2903.16,2878.804,NO 25/11-G-6 AY3
224,Screen - generic,2939.536,2915.169,NO 25/11-G-6 AY3
225,Screen - generic,2975.461,2951.092,NO 25/11-G-6 AY3
226,Screen - generic,3012.404,2987.469,NO 25/11-G-6 AY3
227,Screen - generic,3049.234,3024.415,NO 25/11-G-6 AY3
228,Screen - generic,3086.012,3061.25,NO 25/11-G-6 AY3
229,Screen - generic,3110.376,3098.018,NO 25/11-G-6 AY3
230,Screen - generic,3134.727,3122.389,NO 25/11-G-6 AY3
231,Screen - generic,3159.261,3146.735,NO 25/11-G-6 AY3
232,Screen - generic,3183.797,3171.275,NO 25/11-G-6 AY3
233,Screen - generic,3207.91,3195.392,NO 25/11-G-6 AY3
234,Screen - generic,3243.927,3231.421,NO 25/11-G-6 AY3
235,Screen - generic,3280.291,3267.951,NO 25/11-G-6 AY3
236,Screen - generic,3316.66,3304.303,NO 25/11-G-6 AY3
237,Screen w. Swell Packer - generic,3353.02,3340.667,NO 25/11-G-6 AY3
238,Screen - generic,3388.473,3365.027,NO 25/11-G-6 AY3
239,Screen - generic,3412.853,3400.485,NO 25/11-G-6 AY3
240,Screen w. Swell Packer - generic,3425.264,3412.853,NO 25/11-G-6 AY3
241,Screen - generic,3449.89,3425.264,NO 25/11-G-6 AY3
242,Screen - generic,3470.621,3458.105,NO 25/11-G-6 AY3
243,Screen w. Swell Packer - generic,3482.863,3470.621,NO 25/11-G-6 AY3
244,Screen - generic,3716.174,3482.863,NO 25/11-G-6 AY3
245,Screen w. Swell Packer - generic,3728.176,3716.174,NO 25/11-G-6 AY3
246,Screen - generic,4473.422,3773.464,NO 25/11-G-6 AY3
394,Screen,4558.149,4545.792,NO 25/11-G-7 AY1T2
395,Screen,5226.113,4558.149,NO 25/11-G-7 AY1T2
396,Screen w. Swell Packer - generic,5238.625,5226.113,NO 25/11-G-7 AY1T2
397,Screen,5249.91,5238.625,NO 25/11-G-7 AY1T2
398,Screen,5790.989,5249.91,NO 25/11-G-7 AY1T2
399,Screen w. Swell Packer - generic,5803.402,5790.989,NO 25/11-G-7 AY1T2
400,Screen,5815.841,5803.402,NO 25/11-G-7 AY1T2
401,Screen,6661.518,5815.841,NO 25/11-G-7 AY1T2
277,Screen,4581.467,4569.626,NO 25/11-G-7 AY2T4
278,Screen,4791.34,4581.467,NO 25/11-G-7 AY2T4
279,Screen w. Swell Packer - generic,4803.853,4791.34,NO 25/11-G-7 AY2T4
280,Screen,5204.197,5191.828,NO 25/11-G-7 AY2T4
281,Screen,5780.743,5204.197,NO 25/11-G-7 AY2T4
282,Screen w. Swell Packer - generic,5793.118,5780.743,NO 25/11-G-7 AY2T4
283,Screen,5805.542,5793.118,NO 25/11-G-7 AY2T4
284,Screen,6590.152,5805.542,NO 25/11-G-7 AY2T4
285,Screen,6675.408,6590.152,NO 25/11-G-7 AY2T4
286,Screen,6687.649,6675.408,NO 25/11-G-7 AY2T4
385,Screen,4999.199,4812.219,NO 25/11-G-7 AY3T3
386,Screen,5011.715,4999.199,NO 25/11-G-7 AY3T3
387,Screen,5024.232,5011.715,NO 25/11-G-7 AY3T3
388,Screen,5311.134,5024.232,NO 25/11-G-7 AY3T3
389,Screen,5323.496,5311.134,NO 25/11-G-7 AY3T3
390,Screen,5731.971,5323.496,NO 25/11-G-7 AY3T3
391,Screen,5878.969,5731.971,NO 25/11-G-7 AY3T3
392,Screen,5891.334,5878.969,NO 25/11-G-7 AY3T3
393,Screen,5916.086,5891.334,NO 25/11-G-7 AY3T3
543,Screen,4762.247,4750.527,NO 25/11-G-7 CY1T2
544,Screen,4786.011,4774.239,NO 25/11-G-7 CY1T2
545,Screen,4809.627,4797.844,NO 25/11-G-7 CY1T2
546,Screen,4832.733,4821.505,NO 25/11-G-7 CY1T2
547,Screen,4856.507,4844.737,NO 25/11-G-7 CY1T2
548,Screen,4880.364,4868.505,NO 25/11-G-7 CY1T2
549,Screen,4904.144,4892.371,NO 25/11-G-7 CY1T2
550,Screen,4927.725,4916.148,NO 25/11-G-7 CY1T2
551,Screen,4951.518,4939.732,NO 25/11-G-7 CY1T2
552,Screen,4974.871,4963.524,NO 25/11-G-7 CY1T2
553,Screen,4998.71,4986.694,NO 25/11-G-7 CY1T2
554,Screen,5022.503,5010.723,NO 25/11-G-7 CY1T2
555,Screen,5046.371,5034.496,NO 25/11-G-7 CY1T2
556,Screen,5070.013,5058.24,NO 25/11-G-7 CY1T2
557,Screen,5093.283,5082.029,NO 25/11-G-7 CY1T2
558,Screen,5116.88,5105.148,NO 25/11-G-7 CY1T2
559,Screen,5140.609,5128.884,NO 25/11-G-7 CY1T2
514,Screen,5164.236,5152.609,NO 25/11-G-7 CY1T2
515,Screen,5187.953,5176.239,NO 25/11-G-7 CY1T2
516,Screen,5211.682,5199.959,NO 25/11-G-7 CY1T2
517,Screen,5235.458,5223.695,NO 25/11-G-7 CY1T2
518,Screen,5259.246,5247.465,NO 25/11-G-7 CY1T2
519,Screen,5282.851,5271.253,NO 25/11-G-7 CY1T2
520,Screen,5306.642,5294.856,NO 25/11-G-7 CY1T2
521,Screen,5330.468,5318.65,NO 25/11-G-7 CY1T2
522,Screen,5354.062,5342.476,NO 25/11-G-7 CY1T2
523,Screen,5377.855,5366.07,NO 25/11-G-7 CY1T2
524,Screen,5401.621,5389.859,NO 25/11-G-7 CY1T2
525,Screen,5425.62,5413.616,NO 25/11-G-7 CY1T2
526,Screen,5449.487,5437.616,NO 25/11-G-7 CY1T2
527,Screen,5473.394,5461.492,NO 25/11-G-7 CY1T2
528,Screen,5497.254,5485.388,NO 25/11-G-7 CY1T2
529,Screen,5521.163,5509.253,NO 25/11-G-7 CY1T2
530,Screen,5544.987,5533.172,NO 25/11-G-7 CY1T2
531,Screen,5568.76,5556.997,NO 25/11-G-7 CY1T2
532,Screen,5592.199,5580.474,NO 25/11-G-7 CY1T2
533,Screen,5616.087,5604.213,NO 25/11-G-7 CY1T2
534,Screen,5639.874,5628.096,NO 25/11-G-7 CY1T2
535,Screen,5663.655,5651.883,NO 25/11-G-7 CY1T2
536,Screen,5686.853,5675.657,NO 25/11-G-7 CY1T2
537,Screen,5710.318,5698.855,NO 25/11-G-7 CY1T2
538,Screen,5733.857,5721.851,NO 25/11-G-7 CY1T2
539,Screen w. Swell Packer - generic,5757.592,5745.868,NO 25/11-G-7 CY1T2
540,Screen,5769.595,5757.592,NO 25/11-G-7 CY1T2
541,Screen,5781.368,5769.595,NO 25/11-G-7 CY1T2
542,Screen,5793.142,5781.368,NO 25/11-G-7 CY1T2
679,Screen,4515.042,4503.324,NO 25/11-G-7 CY2
680,Screen,4538.67,4527.036,NO 25/11-G-7 CY2
681,Screen,4562.686,4550.661,NO 25/11-G-7 CY2
682,Screen,4585.88,4574.683,NO 25/11-G-7 CY2
683,Screen,4609.659,4597.879,NO 25/11-G-7 CY2
684,Screen,4632.893,4621.658,NO 25/11-G-7 CY2
685,Screen,4656.784,4644.913,NO 25/11-G-7 CY2
686,Screen,4680.546,4668.783,NO 25/11-G-7 CY2
687,Screen,4704.44,4692.535,NO 25/11-G-7 CY2
688,Screen,4728.089,4716.434,NO 25/11-G-7 CY2
689,Screen w. Swell Packer - generic,4751.953,4740.088,NO 25/11-G-7 CY2
690,Screen,4775.745,4763.972,NO 25/11-G-7 CY2
691,Screen,4799.466,4787.745,NO 25/11-G-7 CY2
692,Screen,4823.259,4811.47,NO 25/11-G-7 CY2
693,Screen,4846.88,4835.253,NO 25/11-G-7 CY2
694,Screen,4870.648,4858.879,NO 25/11-G-7 CY2
695,Screen,4893.862,4882.648,NO 25/11-G-7 CY2
696,Screen,4917.632,4905.862,NO 25/11-G-7 CY2
697,Screen,4940.859,4929.143,NO 25/11-G-7 CY2
698,Screen,4964.768,4952.863,NO 25/11-G-7 CY2
699,Screen,4988.493,4976.778,NO 25/11-G-7 CY2
700,Screen,5011.788,5000.02,NO 25/11-G-7 CY2
701,Screen,5035.561,5023.779,NO 25/11-G-7 CY2
702,Screen w. Swell Packer - generic,5059.331,5047.565,NO 25/11-G-7 CY2
703,Screen,5083.04,5071.335,NO 25/11-G-7 CY2
704,Screen,5107.047,5095.045,NO 25/11-G-7 CY2
705,Screen,5131.039,5119.028,NO 25/11-G-7 CY2
706,Screen,5154.863,5143.04,NO 25/11-G-7 CY2
707,Screen w. Swell Packer - generic,5178.588,5166.866,NO 25/11-G-7 CY2
708,Screen,5202.35,5190.591,NO 25/11-G-7 CY2
709,Screen,5225.683,5214.352,NO 25/11-G-7 CY2
710,Screen,5249.55,5237.689,NO 25/11-G-7 CY2
711,Screen,5273.326,5261.554,NO 25/11-G-7 CY2
712,Screen,5297.32,5285.317,NO 25/11-G-7 CY2
713,Screen,5321.318,5309.322,NO 25/11-G-7 CY2
714,Screen,5345.017,5333.316,NO 25/11-G-7 CY2
715,Screen,5368.726,5357.014,NO 25/11-G-7 CY2
716,Screen,5392.764,5380.753,NO 25/11-G-7 CY2
717,Screen,5415.784,5404.742,NO 25/11-G-7 CY2
718,Screen,5439.524,5427.803,NO 25/11-G-7 CY2
737,Screen,5463.404,5451.529,NO 25/11-G-7 CY2
738,Screen,5487.18,5475.413,NO 25/11-G-7 CY2
739,Screen,5510.904,5499.179,NO 25/11-G-7 CY2
740,Screen,5534.605,5522.908,NO 25/11-G-7 CY2
741,Screen,5558.602,5546.597,NO 25/11-G-7 CY2
742,Screen,5582.316,5570.602,NO 25/11-G-7 CY2
743,Screen,5605.618,5594.306,NO 25/11-G-7 CY2
744,Screen,5629.491,5617.613,NO 25/11-G-7 CY2
745,Screen,5653.256,5641.492,NO 25/11-G-7 CY2
746,Screen,5676.486,5665.258,NO 25/11-G-7 CY2
747,Screen w. Swell Packer - generic,5700.492,5688.481,NO 25/11-G-7 CY2
748,Screen,5724.257,5712.493,NO 25/11-G-7 CY2
749,Screen,5748.171,5736.255,NO 25/11-G-7 CY2
750,Screen,5771.611,5760.171,NO 25/11-G-7 CY2
751,Screen,5795.29,5783.572,NO 25/11-G-7 CY2
752,Screen,5818.989,5807.288,NO 25/11-G-7 CY2
753,Screen,5843.013,5830.997,NO 25/11-G-7 CY2
754,Screen,5867.023,5855.019,NO 25/11-G-7 CY2
755,Screen,5890.713,5879.021,NO 25/11-G-7 CY2
756,Screen,5914.153,5902.719,NO 25/11-G-7 CY2
757,Screen,5937.861,5926.165,NO 25/11-G-7 CY2
758,Screen,5961.86,5949.859,NO 25/11-G-7 CY2
723,Screen,5985.885,5973.882,NO 25/11-G-7 CY2
724,Screen,6009.906,5997.888,NO 25/11-G-7 CY2
725,Screen,6033.896,6021.899,NO 25/11-G-7 CY2
726,Screen,6057.599,6045.899,NO 25/11-G-7 CY2
727,Screen,6080.352,6068.894,NO 25/11-G-7 CY2
728,Screen w. Swell Packer - generic,6104.229,6092.358,NO 25/11-G-7 CY2
729,Screen,6128.027,6116.242,NO 25/11-G-7 CY2
730,Screen,6151.292,6140.032,NO 25/11-G-7 CY2
731,Screen,6175.015,6163.3,NO 25/11-G-7 CY2
732,Screen,6198.735,6187.035,NO 25/11-G-7 CY2
733,Screen,6222.452,6210.758,NO 25/11-G-7 CY2
734,Screen,6245.477,6234.456,NO 25/11-G-7 CY2
735,Screen,6268.457,6257.482,NO 25/11-G-7 CY2
736,Screen,6292.321,6280.459,NO 25/11-G-7 CY2
719,Screen,6315.943,6304.325,NO 25/11-G-7 CY2
720,Screen,6339.718,6327.94,NO 25/11-G-7 CY2
721,Screen,6363.437,6351.718,NO 25/11-G-7 CY2
722,Screen,6386.947,6375.44,NO 25/11-G-7 CY2
1010,Screen,4113.974,4102.471,NO 25/11-G-7 CY3
1011,Screen,4137.99,4125.986,NO 25/11-G-7 CY3
1012,Screen,4161.763,4149.998,NO 25/11-G-7 CY3
1013,Screen,4185.549,4173.773,NO 25/11-G-7 CY3
1014,Screen,4209.328,4197.557,NO 25/11-G-7 CY3
1015,Screen,4233.056,4221.332,NO 25/11-G-7 CY3
1016,Screen w. Swell Packer - generic,4256.784,4245.065,NO 25/11-G-7 CY3
1017,Screen,4280.561,4268.793,NO 25/11-G-7 CY3
1018,Screen,4304.273,4292.572,NO 25/11-G-7 CY3
1019,Screen,4327.77,4315.948,NO 25/11-G-7 CY3
1020,Screen,4351.422,4339.563,NO 25/11-G-7 CY3
1021,Screen,4374.353,4362.582,NO 25/11-G-7 CY3
1022,Screen w. Swell Packer - generic,4398.234,4386.361,NO 25/11-G-7 CY3
1023,Screen,4422.101,4410.085,NO 25/11-G-7 CY3
1024,Screen,4445.864,4434.094,NO 25/11-G-7 CY3
1025,Screen,4469.862,4457.859,NO 25/11-G-7 CY3
1026,Screen,4493.878,4481.873,NO 25/11-G-7 CY3
1027,Screen,4517.649,4505.865,NO 25/11-G-7 CY3
1028,Screen,4541.418,4529.648,NO 25/11-G-7 CY3
1029,Screen,4565.274,4553.41,NO 25/11-G-7 CY3
1030,Screen,4588.917,4577.285,NO 25/11-G-7 CY3
1031,Screen,4612.11,4600.908,NO 25/11-G-7 CY3
1032,Screen,4635.492,4624.107,NO 25/11-G-7 CY3
1033,Screen,4659.41,4647.504,NO 25/11-G-7 CY3
1034,Screen,4682.693,4671.405,NO 25/11-G-7 CY3
1035,Screen,4706.414,4694.694,NO 25/11-G-7 CY3
1036,Screen,4730.194,4718.424,NO 25/11-G-7 CY3
1037,Screen,4753.912,4742.187,NO 25/11-G-7 CY3
1038,Screen,4777.637,4765.924,NO 25/11-G-7 CY3
1039,Screen w. Swell Packer - generic,4800.87,4789.632,NO 25/11-G-7 CY3
1040,Screen,4824.748,4812.875,NO 25/11-G-7 CY3
1041,Screen,4848.521,4836.752,NO 25/11-G-7 CY3
1042,Screen,4872.307,4860.527,NO 25/11-G-7 CY3
1043,Screen,4896.078,4884.308,NO 25/11-G-7 CY3
1044,Screen,4919.954,4908.076,NO 25/11-G-7 CY3
1045,Screen,4943.673,4931.96,NO 25/11-G-7 CY3
1046,Screen,4967.405,4955.686,NO 25/11-G-7 CY3
1047,Screen,4991.161,4979.398,NO 25/11-G-7 CY3
986,Screen,5014.983,5003.164,NO 25/11-G-7 CY3
987,Screen,5037.642,5026.544,NO 25/11-G-7 CY3
988,Screen,5061.402,5049.637,NO 25/11-G-7 CY3
989,Screen,5085.275,5073.403,NO 25/11-G-7 CY3
990,Screen,5108.976,5097.263,NO 25/11-G-7 CY3
991,Screen,5132.703,5120.955,NO 25/11-G-7 CY3
992,Screen,5156.715,5144.704,NO 25/11-G-7 CY3
993,Screen,5179.744,5168.705,NO 25/11-G-7 CY3
994,Screen w. Swell Packer - generic,5203.312,5191.756,NO 25/11-G-7 CY3
995,Screen,5227.08,5215.306,NO 25/11-G-7 CY3
996,Screen,5250.805,5239.082,NO 25/11-G-7 CY3
997,Screen,5274.551,5262.802,NO 25/11-G-7 CY3
998,Screen,5297.831,5286.562,NO 25/11-G-7 CY3
999,Screen w. Swell Packer - generic,5321.434,5309.664,NO 25/11-G-7 CY3
1000,Screen,5344.935,5321.434,NO 25/11-G-7 CY3
1001,Screen w. Swell Packer - generic,5356.703,5344.935,NO 25/11-G-7 CY3
1002,Screen,5429.348,5417.746,NO 25/11-G-7 CY3
1003,Screen,5453.123,5441.353,NO 25/11-G-7 CY3
1004,Screen,5476.946,5465.082,NO 25/11-G-7 CY3
1005,Screen,5500.706,5488.936,NO 25/11-G-7 CY3
1006,Screen,5524.313,5512.722,NO 25/11-G-7 CY3
1007,Screen,5548.187,5536.31,NO 25/11-G-7 CY3
1008,Screen,5571.982,5560.195,NO 25/11-G-7 CY3
1009,Screen,5641.172,5583.935,NO 25/11-G-7 CY3
608,Screen - generic,3446.619,3029.275,NO 25/11-G-8 BY1T2
419,Screen - generic,3828.486,3690.959,NO 25/11-G-8 BY2T2
420,Screen - generic,4058.874,3828.486,NO 25/11-G-8 BY2T2
131,Screen,3639.244,3231.378,NO 25/11-G-8 T2
132,Screen w. Swell Packer - generic,3650.929,3639.244,NO 25/11-G-8 T2
133,Screen,3720.917,3650.929,NO 25/11-G-8 T2
134,Screen w. Swell Packer - generic,3732.608,3720.917,NO 25/11-G-8 T2
135,Screen,3747.36,3735.658,NO 25/11-G-8 T2
136,Screen,3782.341,3758.948,NO 25/11-G-8 T2
137,Screen,3817.176,3794.041,NO 25/11-G-8 T2
138,Screen,3863.86,3828.751,NO 25/11-G-8 T2
139,Screen w. Swell Packer - generic,3875.555,3863.86,NO 25/11-G-8 T2
140,Screen,3992.575,3875.555,NO 25/11-G-8 T2
141,Screen w. Swell Packer - generic,4004.274,3992.575,NO 25/11-G-8 T2
142,Screen w. Swell Packer - generic,4015.966,4004.274,NO 25/11-G-8 T2
143,Screen,4062.757,4015.966,NO 25/11-G-8 T2
144,Screen w. Swell Packer - generic,4074.461,4062.757,NO 25/11-G-8 T2
145,Screen,4565.571,4074.461,NO 25/11-G-8 T2
146,Screen & Blank Pipe - generic,4659.039,4565.571,NO 25/11-G-8 T2
147,Screen,4822.773,4659.039,NO 25/11-G-8 T2
148,Screen,4846.478,4834.783,NO 25/11-G-8 T2
149,Screen,4870.17,4858.478,NO 25/11-G-8 T2
614,Screen,3428.414,2234.13,NO 25/11-G-9
