,wellbore.name,wellbore.rms_name,wellbore.short_name,wellbore.slot_name,wellbore.field,wellbore.type,wellbore.rkb,wellbore.drilling_end_date,wellbore.fluids,wellbore.well_name,wellbore.pick_name,wellbore.pick_md
0,NO 25/11-G-2 A,25_11-G-2_A,G-2A,NO 25/11-G-2,Grane,observation,69.9,2015-03-21,oil,NO 25/11-G-2 A,toplowerheimdal--depthsurface,3489.341611773989
1,NO 25/11-G-11 CT2,25_11-G-11_CT2,G-11CT2,NO 25/11-G-11,Grane,production,69.9,2013-06-19,oil,NO 25/11-G-11 C,toplowerheimdal--depthsurface,2378.3491512017067
2,NO 25/11-G-35 BY2,25_11-G-35_BY2,G-35BY2,NO 25/11-G-35,Grane,production,69.9,2018-10-11,oil,NO 25/11-G-35 BY,toplowerheimdal--depthsurface,2266.6702606164076
3,NO 25/11-G-17 CY1,25_11-G-17_CY1,G-17CY1,NO 25/11-G-17,Grane,production,69.9,2012-09-30,oil,NO 25/11-G-17 CY,toplowerheimdal--depthsurface,2031.3796070395372
4,NO 25/11-G-5 CY2T2,25_11-G-5_CY2T2,G-5CY2T2,NO 25/11-G-5,Grane,production,69.9,2019-04-03,,NO 25/11-G-5 CY,toplowerheimdal--depthsurface,2129.9672564416223
5,NO 25/11-G-9 AY3,25_11-G-9_AY3,G-9AY3,NO 25/11-G-9,Grane,production,69.9,,,NO 25/11-G-9 AY,toplowerheimdal--depthsurface,4152.235885543483
6,NO 25/11-G-13 Y3T3,25_11-G-13_Y3T3,G-13Y3T3,NO 25/11-G-13,Grane,production,69.9,2009-08-28,oil,NO 25/11-G-13 Y,toplowerheimdal--depthsurface,4559.3971164083505
7,NO 25/11-G-5 CY1,25_11-G-5_CY1,G-5CY1,NO 25/11-G-5,Grane,production,69.9,2019-02-22,oil,NO 25/11-G-5 CY,toplowerheimdal--depthsurface,2130.112882910776
8,NO 25/11-G-3 AY3T2,25_11-G-3_AY3T2,G-3AY3T2,NO 25/11-G-3,Grane,production,69.9,2010-03-16,oil,NO 25/11-G-3 AY,toplowerheimdal--depthsurface,3346.2200940095613
9,NO 25/11-G-5 BY2,25_11-G-5_BY2,G-5BY2,NO 25/11-G-5,Grane,production,69.9,2011-11-26,oil,NO 25/11-G-5 BY,toplowerheimdal--depthsurface,2000.2178197514272
10,NO 25/11-G-22 AT2,25_11-G-22_AT2,G-22AT2,NO 25/11-G-22,Grane,observation,69.9,2016-02-19,oil,NO 25/11-G-22 A,toplowerheimdal--depthsurface,1955.5984810836276
11,NO 25/11-G-41,25_11-G-41,G-41,NO 25/11-G-41,Grane,injection,69.9,2010-06-04,not applicable,NO 25/11-G-41,toplowerheimdal--depthsurface,1889.5518565281973
12,NO 25/11-G-22 A,25_11-G-22_A,G-22A,NO 25/11-G-22,Grane,observation,69.9,2016-02-17,oil,NO 25/11-G-22 A,toplowerheimdal--depthsurface,1947.4157900818275
13,NO 25/11-G-4,25_11-G-4,G-4,NO 25/11-G-4,Grane,injection,69.9,2015-01-12,gas,NO 25/11-G-4,toplowerheimdal--depthsurface,
14,NO 25/11-G-34 AY3T3,25_11-G-34_AY3T3,G-34AY3T3,NO 25/11-G-34,Grane,production,69.9,2019-01-13,,NO 25/11-G-34 AY,toplowerheimdal--depthsurface,2397.2014448206987
15,NO 25/11-G-39 BY1,25_11-G-39_BY1,G-39BY1,NO 25/11-G-39,Grane,production,69.9,2007-09-17,oil,NO 25/11-G-39 BY,toplowerheimdal--depthsurface,4194.983682609659
16,NO 25/11-G-12 AY2,25_11-G-12_AY2,G-12AY2,NO 25/11-G-12,Grane,production,69.9,2016-11-30,oil,NO 25/11-G-12 AY,toplowerheimdal--depthsurface,3060.1526880134493
17,NO 25/11-G-16 Y1,25_11-G-16_Y1,G-16Y1,NO 25/11-G-16,Grane,production,69.9,2008-09-11,not applicable,NO 25/11-G-16 Y,toplowerheimdal--depthsurface,2620.6788631403056
18,NO 25/11-G-29,25_11-G-29,G-29,NO 25/11-G-29,Grane,production,69.9,2017-05-19,oil,NO 25/11-G-29,toplowerheimdal--depthsurface,2141.8685473838964
19,NO 25/11-21 A,25_11-21_A,21A,NO 25/11-21,Grane,appraisal,26.0,1996-10-01,oil,NO 25/11-21 A,toplowerheimdal--depthsurface,1837.1750847900828
20,NO 25/11-G-16 Y2T2,25_11-G-16_Y2T2,G-16Y2T2,NO 25/11-G-16,Grane,production,69.9,2008-10-05,oil,NO 25/11-G-16 Y,toplowerheimdal--depthsurface,2620.918287443917
21,NO 25/11-G-19,25_11-G-19,G-19,NO 25/11-G-19,Grane,production,69.9,2002-06-26,oil,NO 25/11-G-19,toplowerheimdal--depthsurface,1950.0029164583502
22,NO 25/11-G-19 EY1,25_11-G-19_EY1,G-19EY1,NO 25/11-G-19,Grane,production,69.9,2014-08-16,oil,NO 25/11-G-19 EY,toplowerheimdal--depthsurface,1950.888098311103
23,NO 25/11-G-8 T2,25_11-G-8_T2,G-8T2,NO 25/11-G-8,Grane,production,69.9,2005-11-27,oil,NO 25/11-G-8,toplowerheimdal--depthsurface,3008.012230357295
24,NO 25/11-G-24 A,25_11-G-24_A,G-24A,NO 25/11-G-24,Grane,injection,69.9,2001-11-12,gas,NO 25/11-G-24 A,toplowerheimdal--depthsurface,2090.543349519479
25,NO 25/11-G-39 CY2,25_11-G-39_CY2,G-39CY2,NO 25/11-G-39,Grane,production,69.9,2018-02-24,oil,NO 25/11-G-39 CY,toplowerheimdal--depthsurface,4084.3471489943336
26,NO 25/11-G-18 AY2,25_11-G-18_AY2,G-18AY2,NO 25/11-G-18,Grane,production,69.9,2017-02-01,oil,NO 25/11-G-18 AY,toplowerheimdal--depthsurface,2067.785417927062
27,NO 25/11-G-17,25_11-G-17,G-17,NO 25/11-G-17,Grane,production,26.0,2002-02-19,oil,NO 25/11-G-17,toplowerheimdal--depthsurface,
28,NO 25/11-G-7 BT4,25_11-G-7_BT4,G-7BT4,NO 25/11-G-7,Grane,observation,69.9,,,NO 25/11-G-7 B,toplowerheimdal--depthsurface,3697.459374033721
29,NO 25/11-G-1 Y2T2,25_11-G-1_Y2T2,G-1Y2T2,NO 25/11-G-1,Grane,production,69.9,2008-03-05,oil,NO 25/11-G-1 Y,toplowerheimdal--depthsurface,3210.331697031423
30,NO 25/11-G-1 Y2,25_11-G-1_Y2,G-1Y2,NO 25/11-G-1,Grane,production,69.9,2008-03-05,oil,NO 25/11-G-1 Y,toplowerheimdal--depthsurface,3210.331697031423
31,NO 25/11-G-3 T2,25_11-G-3_T2,G-3T2,NO 25/11-G-3,Grane,observation,69.9,2010-01-03,oil,NO 25/11-G-3,toplowerheimdal--depthsurface,3002.9293655864044
32,NO 25/11-G-38 T3,25_11-G-38_T3,G-38T3,NO 25/11-G-38,Grane,production,69.9,2011-03-08,oil,NO 25/11-G-38,toplowerheimdal--depthsurface,4024.710922989525
33,NO 25/11-G-5 CY4T2,25_11-G-5_CY4T2,G-5CY4T2,NO 25/11-G-5,Grane,production,69.9,2019-04-22,,NO 25/11-G-5 CY,toplowerheimdal--depthsurface,2129.9672564416223
34,NO 25/11-G-15 AY3T4,25_11-G-15_AY3T4,G-15AY3T4,NO 25/11-G-15,Grane,production,69.9,2010-10-17,oil,NO 25/11-G-15 AY,toplowerheimdal--depthsurface,2009.461925114504
35,NO 25/11-G-35 BY2T3,25_11-G-35_BY2T3,G-35BY2T3,NO 25/11-G-35,Grane,production,69.9,2018-10-17,oil,NO 25/11-G-35 BY,toplowerheimdal--depthsurface,2266.6702606164076
36,NO 25/11-G-18 AY1,25_11-G-18_AY1,G-18AY1,NO 25/11-G-18,Grane,production,69.9,2017-01-27,oil,NO 25/11-G-18 AY,toplowerheimdal--depthsurface,2067.7958642326635
37,NO 25/11-G-19 D,25_11-G-19_D,G-19D,NO 25/11-G-19,Grane,observation,69.9,2014-07-29,oil,NO 25/11-G-19 D,toplowerheimdal--depthsurface,1950.888098311103
38,NO 25/11-G-19 EY2,25_11-G-19_EY2,G-19EY2,NO 25/11-G-19,Grane,production,69.9,2014-08-21,oil,NO 25/11-G-19 EY,toplowerheimdal--depthsurface,1950.888098311103
39,NO 25/11-G-11 AT4,25_11-G-11_AT4,G-11AT4,NO 25/11-G-11,Grane,production,69.9,2013-03-26,oil,NO 25/11-G-11 A,toplowerheimdal--depthsurface,2378.3491512017067
40,NO 25/11-G-21 BY1,25_11-G-21_BY1,G-21BY1,NO 25/11-G-21,Grane,production,69.9,2012-05-15,oil,NO 25/11-G-21 BY,toplowerheimdal--depthsurface,2542.3863552462194
41,NO 25/11-G-34 AY1,25_11-G-34_AY1,G-34AY1,NO 25/11-G-34,Grane,production,69.9,2018-12-24,oil,NO 25/11-G-34 AY,toplowerheimdal--depthsurface,2397.2014448206987
42,NO 25/11-G-29 Y3,25_11-G-29_Y3,G-29Y3,NO 25/11-G-29,Grane,production,69.9,2017-05-28,oil,NO 25/11-G-29 Y,toplowerheimdal--depthsurface,2141.814648128264
43,NO 25/11-G-6 AY3,25_11-G-6_AY3,G-6AY3,NO 25/11-G-6,Grane,production,69.9,2016-08-10,oil,NO 25/11-G-6 AY,toplowerheimdal--depthsurface,2256.249917888408
44,NO 25/11-G-27 T2,25_11-G-27_T2,G-27T2,NO 25/11-G-27,Grane,observation,69.9,2002-01-23,not applicable,NO 25/11-G-27,toplowerheimdal--depthsurface,1953.9512606884623
45,NO 25/11-G-26,25_11-G-26,G-26,NO 25/11-G-26,Grane,production,69.9,2002-04-09,oil,NO 25/11-G-26,toplowerheimdal--depthsurface,2006.3421916211287
46,NO 25/11-G-17 A,25_11-G-17_A,G-17A,NO 25/11-G-17,Grane,observation,69.9,2012-08-31,oil,NO 25/11-G-17 A,toplowerheimdal--depthsurface,2031.3796070395372
47,NO 25/11-G-23 A,25_11-G-23_A,G-23A,NO 25/11-G-23,Grane,injection,69.9,2011-07-07,water,NO 25/11-G-23 A,toplowerheimdal--depthsurface,
48,NO 25/11-G-2 Y2,25_11-G-2_Y2,G-2Y2,NO 25/11-G-2,Grane,production,69.9,2007-05-06,oil,NO 25/11-G-2 Y,toplowerheimdal--depthsurface,3597.21400270714
49,NO 25/11-G-16 Y3T2,25_11-G-16_Y3T2,G-16Y3T2,NO 25/11-G-16,Grane,production,69.9,2009-08-04,oil,NO 25/11-G-16 Y,toplowerheimdal--depthsurface,2624.1043270292594
50,NO 25/11-G-8 BY1,25_11-G-8_BY1,G-8BY1,NO 25/11-G-8,Grane,production,69.9,2015-07-26,oil,NO 25/11-G-8 BY,toplowerheimdal--depthsurface,2761.2124545918396
51,NO 25/11-G-3 AY1T2,25_11-G-3_AY1T2,G-3AY1T2,NO 25/11-G-3,Grane,production,69.9,2010-02-11,oil,NO 25/11-G-3 AY,toplowerheimdal--depthsurface,3346.2200940095613
52,NO 25/11-G-22,25_11-G-22,G-22,NO 25/11-G-22,Grane,production,69.9,2002-09-17,oil,NO 25/11-G-22,toplowerheimdal--depthsurface,1933.866658356115
53,NO 25/11-G-20 T2,25_11-G-20_T2,G-20T2,NO 25/11-G-20,Grane,observation,69.9,2002-04-22,not applicable,NO 25/11-G-20,toplowerheimdal--depthsurface,2242.83762642617
54,NO 25/11-G-7 AY2T4,25_11-G-7_AY2T4,G-7AY2T4,NO 25/11-G-7,Grane,production,69.9,2010-10-27,oil,NO 25/11-G-7 AY,toplowerheimdal--depthsurface,4273.9539087652665
55,NO 25/11-G-10 AY3T2,25_11-G-10_AY3T2,G-10AY3T2,NO 25/11-G-10,Grane,production,69.9,,,NO 25/11-G-10 AY,toplowerheimdal--depthsurface,2030.7340645720938
56,NO 25/11-G-33,25_11-G-33,G-33,NO 25/11-G-33,Grane,production,69.9,2010-05-03,,NO 25/11-G-33,toplowerheimdal--depthsurface,
57,NO 25/11-G-11 AT2,25_11-G-11_AT2,G-11AT2,NO 25/11-G-11,Grane,production,69.9,2013-02-08,oil,NO 25/11-G-11 A,toplowerheimdal--depthsurface,
58,NO 25/11-G-7 BT3,25_11-G-7_BT3,G-7BT3,NO 25/11-G-7,Grane,observation,69.9,,,NO 25/11-G-7 B,toplowerheimdal--depthsurface,3697.459374033721
59,NO 25/11-G-16 AY1T3,25_11-G-16_AY1T3,G-16AY1T3,NO 25/11-G-16,Grane,production,69.9,2017-09-08,oil,NO 25/11-G-16 AY,toplowerheimdal--depthsurface,2801.2126163725566
60,NO 25/11-G-31 BY1T3,25_11-G-31_BY1T3,G-31BY1T3,NO 25/11-G-31,Grane,production,69.9,2016-09-24,oil,NO 25/11-G-31 BY,toplowerheimdal--depthsurface,4065.7292849260202
61,NO 25/11-G-2 Y2T2,25_11-G-2_Y2T2,G-2Y2T2,NO 25/11-G-2,Grane,production,69.9,2007-10-31,oil,NO 25/11-G-2 Y,toplowerheimdal--depthsurface,3597.21400270714
62,NO 25/11-G-16 AY1T2,25_11-G-16_AY1T2,G-16AY1T2,NO 25/11-G-16,Grane,production,69.9,2017-08-04,oil,NO 25/11-G-16 AY,toplowerheimdal--depthsurface,2801.2126163725566
63,NO 25/11-G-20 AT2,25_11-G-20_AT2,G-20AT2,NO 25/11-G-20,Grane,injection,69.9,2002-05-28,gas,NO 25/11-G-20 A,toplowerheimdal--depthsurface,2533.2896171704697
64,NO 25/11-G-18,25_11-G-18,G-18,NO 25/11-G-18,Grane,production,69.9,2002-11-19,oil,NO 25/11-G-18,toplowerheimdal--depthsurface,2039.3931601174213
65,NO 25/11-G-11,25_11-G-11,G-11,NO 25/11-G-11,Grane,production,69.9,2004-10-14,oil,NO 25/11-G-11,toplowerheimdal--depthsurface,1943.9335480136613
66,NO 25/11-G-24,25_11-G-24,G-24,NO 25/11-G-24,Grane,observation,69.9,2001-10-15,not applicable,NO 25/11-G-24,toplowerheimdal--depthsurface,1947.2646939481624
67,NO 25/11-G-17 T2,25_11-G-17_T2,G-17T2,NO 25/11-G-17,Grane,production,26.0,2002-02-27,oil,NO 25/11-G-17,toplowerheimdal--depthsurface,1887.5906393184061
68,NO 25/11-G-10 Y1,25_11-G-10_Y1,G-10Y1,NO 25/11-G-10,Grane,production,69.9,2006-01-11,oil,NO 25/11-G-10 Y,toplowerheimdal--depthsurface,2051.5153740698915
69,NO 25/11-G-35 BY3T2,25_11-G-35_BY3T2,G-35BY3T2,NO 25/11-G-35,Grane,production,69.9,2018-11-01,oil,NO 25/11-G-35 BY,toplowerheimdal--depthsurface,2266.5551230912515
70,NO 25/11-G-19 AT2,25_11-G-19_AT2,G-19AT2,NO 25/11-G-19,Grane,observation,69.9,2014-07-09,oil,NO 25/11-G-19 A,toplowerheimdal--depthsurface,
71,NO 25/11-G-15 AY3T2,25_11-G-15_AY3T2,G-15AY3T2,NO 25/11-G-15,Grane,production,69.9,2009-02-06,oil,NO 25/11-G-15 AY,toplowerheimdal--depthsurface,2009.461925114504
72,NO 25/11-G-2 BY1T2,25_11-G-2_BY1T2,G-2BY1T2,NO 25/11-G-2,Grane,production,69.9,2015-04-04,oil,NO 25/11-G-2 BY,toplowerheimdal--depthsurface,3489.341611773989
73,NO 25/11-G-7 BT2,25_11-G-7_BT2,G-7BT2,NO 25/11-G-7,Grane,observation,69.9,,,NO 25/11-G-7 B,toplowerheimdal--depthsurface,3695.816703024637
74,NO 25/11-G-7 AY3T3,25_11-G-7_AY3T3,G-7AY3T3,NO 25/11-G-7,Grane,production,69.9,2010-11-13,oil,NO 25/11-G-7 AY,toplowerheimdal--depthsurface,4274.174210483029
75,NO 25/11-G-7 AY1T2,25_11-G-7_AY1T2,G-7AY1T2,NO 25/11-G-7,Grane,production,69.9,2010-09-13,oil,NO 25/11-G-7 AY,toplowerheimdal--depthsurface,4273.9539087652665
76,NO 25/11-G-38 AY2T3,25_11-G-38_AY2T3,G-38AY2T3,NO 25/11-G-38,Grane,production,69.9,2011-05-11,oil,NO 25/11-G-38 AY,toplowerheimdal--depthsurface,4025.316227778218
77,NO 25/11-G-7 CY1,25_11-G-7_CY1,G-7CY1,NO 25/11-G-7,Grane,production,69.9,2019-11-19,oil,NO 25/11-G-7 CY,toplowerheimdal--depthsurface,3697.459374033721
78,NO 25/11-G-2 BY1T3,25_11-G-2_BY1T3,G-2BY1T3,NO 25/11-G-2,Grane,production,69.9,2015-05-12,oil,NO 25/11-G-2 BY,toplowerheimdal--depthsurface,3489.341611773989
79,NO 25/11-G-21 BY1T3,25_11-G-21_BY1T3,G-21BY1T3,NO 25/11-G-21,Grane,production,69.9,2012-04-21,oil,NO 25/11-G-21 BY,toplowerheimdal--depthsurface,2542.3863552462194
80,NO 25/11-G-8 BY2T2,25_11-G-8_BY2T2,G-8BY2T2,NO 25/11-G-8,Grane,production,69.9,2015-08-04,oil,NO 25/11-G-8 BY,toplowerheimdal--depthsurface,2761.1652002518776
81,NO 25/11-G-2 BY1,25_11-G-2_BY1,G-2BY1,NO 25/11-G-2,Grane,production,69.9,2015-04-10,oil,NO 25/11-G-2 BY,toplowerheimdal--depthsurface,3489.341611773989
82,NO 25/11-G-29 Y2,25_11-G-29_Y2,G-29Y2,NO 25/11-G-29,Grane,production,69.9,2017-05-24,oil,NO 25/11-G-29 Y,toplowerheimdal--depthsurface,2141.814648128264
83,NO 25/11-G-34 AY2,25_11-G-34_AY2,G-34AY2,NO 25/11-G-34,Grane,production,69.9,2018-12-31,oil,NO 25/11-G-34 AY,toplowerheimdal--depthsurface,2397.2014448206987
84,NO 25/11-G-8 AT2,25_11-G-8_AT2,G-8AT2,NO 25/11-G-8,Grane,observation,69.9,2015-07-20,oil,NO 25/11-G-8 A,toplowerheimdal--depthsurface,2761.2124545918396
85,NO 25/11-18,25_11-18,18,NO 25/11-18,Grane,appraisal,22.0,1994-10-24,oil,NO 25/11-18,toplowerheimdal--depthsurface,1741.4994856929359
86,NO 25/11-G-17 CY2,25_11-G-17_CY2,G-17CY2,NO 25/11-G-17,Grane,production,69.9,2012-11-02,oil,NO 25/11-G-17 CY,toplowerheimdal--depthsurface,2031.3796070395372
87,NO 25/11-G-25 T2,25_11-G-25_T2,G-25T2,NO 25/11-G-25,Grane,production,26.0,2002-08-06,oil,NO 25/11-G-25,toplowerheimdal--depthsurface,1905.0524376156225
88,NO 25/11-G-21 BY2T2,25_11-G-21_BY2T2,G-21BY2T2,NO 25/11-G-21,Grane,production,69.9,2012-06-21,oil,NO 25/11-G-21 BY,toplowerheimdal--depthsurface,2542.3863552462194
89,NO 25/11-G-12 AY1,25_11-G-12_AY1,G-12AY1,NO 25/11-G-12,Grane,production,69.9,2016-11-22,oil,NO 25/11-G-12 AY,toplowerheimdal--depthsurface,3059.674078870471
90,NO 25/11-G-21,25_11-G-21,G-21,NO 25/11-G-21,Grane,production,69.9,2001-12-11,oil,NO 25/11-G-21,toplowerheimdal--depthsurface,2001.1004671483545
91,NO 25/11-G-8 A,25_11-G-8_A,G-8A,NO 25/11-G-8,Grane,production,69.9,2015-07-19,not applicable,NO 25/11-G-8 A,toplowerheimdal--depthsurface,2740.2090040986877
92,NO 25/11-G-13 Y1T3,25_11-G-13_Y1T3,G-13Y1T3,NO 25/11-G-13,Grane,production,69.9,2009-05-16,oil,NO 25/11-G-13 Y,toplowerheimdal--depthsurface,4559.3971164083505
93,NO 25/11-G-2 Y3,25_11-G-2_Y3,G-2Y3,NO 25/11-G-2,Grane,production,69.9,2007-07-15,oil,NO 25/11-G-2 Y,toplowerheimdal--depthsurface,3597.21400270714
94,NO 25/11-G-30 AY1,25_11-G-30_AY1,G-30AY1,NO 25/11-G-30,Grane,production,69.9,2017-11-04,oil,NO 25/11-G-30 AY,toplowerheimdal--depthsurface,2942.6345850319653
95,NO 25/11-G-38 AY3,25_11-G-38_AY3,G-38AY3,NO 25/11-G-38,Grane,production,69.9,2011-05-19,oil,NO 25/11-G-38 AY,toplowerheimdal--depthsurface,4025.316227778218
96,NO 25/11-G-3,25_11-G-3,G-3,NO 25/11-G-3,Grane,observation,69.9,2010-01-25,oil,NO 25/11-G-3,toplowerheimdal--depthsurface,3039.297817246845
97,NO 25/11-G-6 AY1,25_11-G-6_AY1,G-6AY1,NO 25/11-G-6,Grane,production,69.9,2016-07-31,oil,NO 25/11-G-6 AY,toplowerheimdal--depthsurface,2241.604812789495
98,NO 25/11-G-10 AY2T2,25_11-G-10_AY2T2,G-10AY2T2,NO 25/11-G-10,Grane,production,69.9,,,NO 25/11-G-10 AY,toplowerheimdal--depthsurface,2030.9088817398622
99,NO 25/11-G-5 BY1T2,25_11-G-5_BY1T2,G-5BY1T2,NO 25/11-G-5,Grane,production,69.9,2011-11-09,oil,NO 25/11-G-5 BY,toplowerheimdal--depthsurface,2000.2178197514272
100,NO 25/11-G-1 Y4T2,25_11-G-1_Y4T2,G-1Y4T2,NO 25/11-G-1,Grane,production,69.9,2008-04-23,oil,NO 25/11-G-1 Y,toplowerheimdal--depthsurface,3210.331697031423
101,NO 25/11-G-38 T2,25_11-G-38_T2,G-38T2,NO 25/11-G-38,Grane,production,69.9,2011-03-08,oil,NO 25/11-G-38,toplowerheimdal--depthsurface,
102,NO 25/11-G-13 Y1,25_11-G-13_Y1,G-13Y1,NO 25/11-G-13,Grane,production,69.9,2009-07-22,oil,NO 25/11-G-13 Y,toplowerheimdal--depthsurface,
103,NO 25/11-G-7 AY2T2,25_11-G-7_AY2T2,G-7AY2T2,NO 25/11-G-7,Grane,production,69.9,2010-10-27,oil,NO 25/11-G-7 AY,toplowerheimdal--depthsurface,4273.9539087652665
104,NO 25/11-G-10 Y2,25_11-G-10_Y2,G-10Y2,NO 25/11-G-10,Grane,production,69.9,2006-01-27,oil,NO 25/11-G-10 Y,toplowerheimdal--depthsurface,2051.5153740698915
105,NO 25/11-G-15 AY3,25_11-G-15_AY3,G-15AY3,NO 25/11-G-15,Grane,production,69.9,2009-02-20,oil,NO 25/11-G-15 AY,toplowerheimdal--depthsurface,2009.461925114504
106,NO 25/11-G-19 B,25_11-G-19_B,G-19B,NO 25/11-G-19,Grane,observation,69.9,2014-07-25,oil,NO 25/11-G-19 B,toplowerheimdal--depthsurface,1950.888098311103
107,NO 25/11-G-2 Y1,25_11-G-2_Y1,G-2Y1,NO 25/11-G-2,Grane,production,69.9,2007-04-12,oil,NO 25/11-G-2 Y,toplowerheimdal--depthsurface,3597.21400270714
108,NO 25/11-G-11 BY1,25_11-G-11_BY1,G-11BY1,NO 25/11-G-11,Grane,production,69.9,2013-05-31,oil,NO 25/11-G-11 BY,toplowerheimdal--depthsurface,2378.3491512017067
109,NO 25/11-G-13 Y3,25_11-G-13_Y3,G-13Y3,NO 25/11-G-13,Grane,production,69.9,2009-09-15,oil,NO 25/11-G-13 Y,toplowerheimdal--depthsurface,4559.3971164083505
110,NO 25/11-G-5 AT2,25_11-G-5_AT2,G-5AT2,NO 25/11-G-5,Grane,observation,69.9,2011-08-09,oil,NO 25/11-G-5 A,toplowerheimdal--depthsurface,2000.2178197514272
111,NO 25/11-G-3 T3,25_11-G-3_T3,G-3T3,NO 25/11-G-3,Grane,observation,69.9,2010-01-21,oil,NO 25/11-G-3,toplowerheimdal--depthsurface,3346.2200940095613
112,NO 25/11-G-12 Y1,25_11-G-12_Y1,G-12Y1,NO 25/11-G-12,Grane,production,69.9,2006-10-21,oil,NO 25/11-G-12 Y,toplowerheimdal--depthsurface,2873.1444477546447
113,NO 25/11-G-5 BY1,25_11-G-5_BY1,G-5BY1,NO 25/11-G-5,Grane,production,69.9,2011-11-08,oil,NO 25/11-G-5 BY,toplowerheimdal--depthsurface,2000.2178197514272
114,NO 25/11-G-21 BY1T4,25_11-G-21_BY1T4,G-21BY1T4,NO 25/11-G-21,Grane,production,69.9,2012-05-17,oil,NO 25/11-G-21 BY,toplowerheimdal--depthsurface,2542.3863552462194
115,NO 25/11-18 T2,25_11-18_T2,18T2,NO 25/11-18,Grane,appraisal,22.0,1994-10-21,oil,NO 25/11-18,toplowerheimdal--depthsurface,1741.5169751584706
116,NO 25/11-G-19 EY2T2,25_11-G-19_EY2T2,G-19EY2T2,NO 25/11-G-19,Grane,production,69.9,2014-09-12,oil,NO 25/11-G-19 EY,toplowerheimdal--depthsurface,1950.888098311103
117,NO 25/11-G-5 BY4T3,25_11-G-5_BY4T3,G-5BY4T3,NO 25/11-G-5,Grane,production,69.9,2011-12-29,oil,NO 25/11-G-5 BY,toplowerheimdal--depthsurface,2000.2310115763285
118,NO 25/11-G-16 AY1,25_11-G-16_AY1,G-16AY1,NO 25/11-G-16,Grane,production,69.9,2017-08-10,oil,NO 25/11-G-16 AY,toplowerheimdal--depthsurface,2801.1737462424944
119,NO 25/11-G-12 Y2,25_11-G-12_Y2,G-12Y2,NO 25/11-G-12,Grane,production,69.9,2006-11-07,oil,NO 25/11-G-12 Y,toplowerheimdal--depthsurface,2873.1444477546447
120,NO 25/11-G-1 Y3T2,25_11-G-1_Y3T2,G-1Y3T2,NO 25/11-G-1,Grane,production,69.9,2008-03-30,oil,NO 25/11-G-1 Y,toplowerheimdal--depthsurface,3210.331697031423
121,NO 25/11-G-3 AY2,25_11-G-3_AY2,G-3AY2,NO 25/11-G-3,Grane,production,69.9,2010-03-03,oil,NO 25/11-G-3 AY,toplowerheimdal--depthsurface,3346.2200940095613
122,NO 25/11-G-7 CY1T2,25_11-G-7_CY1T2,G-7CY1T2,NO 25/11-G-7,Grane,production,69.9,2019-11-23,,NO 25/11-G-7 CY,toplowerheimdal--depthsurface,3697.459374033721
123,NO 25/11-G-3 AY3,25_11-G-3_AY3,G-3AY3,NO 25/11-G-3,Grane,production,69.9,2010-03-12,oil,NO 25/11-G-3 AY,toplowerheimdal--depthsurface,3346.2200940095613
124,NO 25/11-G-35 AT2,25_11-G-35_AT2,G-35AT2,NO 25/11-G-35,Grane,production,69.9,2006-04-13,oil,NO 25/11-G-35 A,toplowerheimdal--depthsurface,2264.2418931808525
125,NO 25/11-G-7 AY2T3,25_11-G-7_AY2T3,G-7AY2T3,NO 25/11-G-7,Grane,production,69.9,2010-10-27,oil,NO 25/11-G-7 AY,toplowerheimdal--depthsurface,4273.9539087652665
126,NO 25/11-G-22 BY1,25_11-G-22_BY1,G-22BY1,NO 25/11-G-22,Grane,production,69.9,2016-03-01,oil,NO 25/11-G-22 BY,toplowerheimdal--depthsurface,1955.5984810836276
127,NO 25/11-G-31,25_11-G-31,G-31,NO 25/11-G-31,Grane,injection,69.9,2015-09-13,not applicable,NO 25/11-G-31,toplowerheimdal--depthsurface,3701.2145954894595
128,NO 25/11-G-17 CY2T4,25_11-G-17_CY2T4,G-17CY2T4,NO 25/11-G-17,Grane,production,69.9,2012-12-07,oil,NO 25/11-G-17 CY,toplowerheimdal--depthsurface,2031.3796070395372
129,NO 25/11-G-38,25_11-G-38,G-38,NO 25/11-G-38,Grane,observation,69.9,2011-03-29,oil,NO 25/11-G-38,toplowerheimdal--depthsurface,4002.2359136175064
130,NO 25/11-G-15,25_11-G-15,G-15,NO 25/11-G-15,Grane,observation,69.9,2008-12-13,oil,NO 25/11-G-15,toplowerheimdal--depthsurface,2006.9587652084736
131,NO 25/11-G-5 CY1T2,25_11-G-5_CY1T2,G-5CY1T2,NO 25/11-G-5,Grane,production,69.9,2019-03-07,,NO 25/11-G-5 CY,toplowerheimdal--depthsurface,2130.1323784112024
132,NO 25/11-G-34 AY3,25_11-G-34_AY3,G-34AY3,NO 25/11-G-34,Grane,production,69.9,2019-01-11,oil,NO 25/11-G-34 AY,toplowerheimdal--depthsurface,2397.2014448206987
133,NO 25/11-G-8,25_11-G-8,G-8,NO 25/11-G-8,Grane,production,69.9,2005-11-20,oil,NO 25/11-G-8,toplowerheimdal--depthsurface,
134,NO 25/11-G-19 C,25_11-G-19_C,G-19C,NO 25/11-G-19,Grane,observation,69.9,2014-07-27,oil,NO 25/11-G-19 C,toplowerheimdal--depthsurface,1950.888098311103
135,NO 25/11-G-7 AY3T2,25_11-G-7_AY3T2,G-7AY3T2,NO 25/11-G-7,Grane,production,69.9,2010-11-13,oil,NO 25/11-G-7 AY,toplowerheimdal--depthsurface,4274.174210483029
136,NO 25/11-G-39 AY1T2,25_11-G-39_AY1T2,G-39AY1T2,NO 25/11-G-39,Grane,production,69.9,2007-06-17,not applicable,NO 25/11-G-39 AY,toplowerheimdal--depthsurface,4325.977767576173
137,NO 25/11-G-7,25_11-G-7,G-7,NO 25/11-G-7,Grane,production,69.9,2010-08-16,not applicable,NO 25/11-G-7,toplowerheimdal--depthsurface,4057.04366964385
138,NO 25/11-G-21 BY2,25_11-G-21_BY2,G-21BY2,NO 25/11-G-21,Grane,production,69.9,2012-05-22,oil,NO 25/11-G-21 BY,toplowerheimdal--depthsurface,2542.3863552462194
139,NO 25/11-G-10 AY2,25_11-G-10_AY2,G-10AY2,NO 25/11-G-10,Grane,production,69.9,,oil,NO 25/11-G-10 AY,toplowerheimdal--depthsurface,2030.9088817398622
140,NO 25/11-G-8 BY1T2,25_11-G-8_BY1T2,G-8BY1T2,NO 25/11-G-8,Grane,production,69.9,2015-08-17,oil,NO 25/11-G-8 BY,toplowerheimdal--depthsurface,2761.2124545918396
141,NO 25/11-G-31 BY1,25_11-G-31_BY1,G-31BY1,NO 25/11-G-31,Grane,production,69.9,2016-09-07,oil,NO 25/11-G-31 BY,toplowerheimdal--depthsurface,4063.9363161846463
142,NO 25/11-G-15 AY2,25_11-G-15_AY2,G-15AY2,NO 25/11-G-15,Grane,production,69.9,2009-01-29,oil,NO 25/11-G-15 AY,toplowerheimdal--depthsurface,2009.5029081754008
143,NO 25/11-G-38 AY2,25_11-G-38_AY2,G-38AY2,NO 25/11-G-38,Grane,production,69.9,2011-05-09,oil,NO 25/11-G-38 AY,toplowerheimdal--depthsurface,4025.316227778218
144,NO 25/11-G-13 A,25_11-G-13_A,G-13A,NO 25/11-G-13,Grane,observation,69.9,2009-09-04,not applicable,NO 25/11-G-13 A,toplowerheimdal--depthsurface,4559.3971164083505
145,NO 25/11-G-13 Y2,25_11-G-13_Y2,G-13Y2,NO 25/11-G-13,Grane,production,69.9,2009-08-16,oil,NO 25/11-G-13 Y,toplowerheimdal--depthsurface,4559.3971164083505
146,NO 25/11-G-19 AT3,25_11-G-19_AT3,G-19AT3,NO 25/11-G-19,Grane,observation,69.9,2014-07-16,oil,NO 25/11-G-19 A,toplowerheimdal--depthsurface,1950.8964222555771
147,NO 25/11-G-17 B,25_11-G-17_B,G-17B,NO 25/11-G-17,Grane,observation,69.9,2012-09-02,oil,NO 25/11-G-17 B,toplowerheimdal--depthsurface,2031.3796070395372
148,NO 25/11-G-15 AY1,25_11-G-15_AY1,G-15AY1,NO 25/11-G-15,Grane,production,69.9,2009-01-04,oil,NO 25/11-G-15 AY,toplowerheimdal--depthsurface,2009.5029081754008
149,NO 25/11-G-9,25_11-G-9,G-9,NO 25/11-G-9,Grane,production,69.9,2004-05-18,oil,NO 25/11-G-9,toplowerheimdal--depthsurface,2036.099049401445
150,NO 25/11-G-17 CY2T3,25_11-G-17_CY2T3,G-17CY2T3,NO 25/11-G-17,Grane,production,69.9,2012-10-27,oil,NO 25/11-G-17 CY,toplowerheimdal--depthsurface,2031.3796070395372
151,NO 25/11-G-17 AT2,25_11-G-17_AT2,G-17AT2,NO 25/11-G-17,Grane,observation,69.9,2012-09-02,oil,NO 25/11-G-17 A,toplowerheimdal--depthsurface,2031.3796070395372
152,NO 25/11-G-16 Y3,25_11-G-16_Y3,G-16Y3,NO 25/11-G-16,Grane,production,69.9,2008-10-18,oil,NO 25/11-G-16 Y,toplowerheimdal--depthsurface,2624.1043270292594
153,NO 25/11-G-36,25_11-G-36,G-36,NO 25/11-G-36,Grane,injection,69.9,2012-07-16,water,NO 25/11-G-36,toplowerheimdal--depthsurface,
154,NO 25/11-G-15 AY3T3,25_11-G-15_AY3T3,G-15AY3T3,NO 25/11-G-15,Grane,production,69.9,2009-02-12,oil,NO 25/11-G-15 AY,toplowerheimdal--depthsurface,2009.461925114504
155,NO 25/11-G-39 BY3,25_11-G-39_BY3,G-39BY3,NO 25/11-G-39,Grane,production,69.9,2007-11-08,oil,NO 25/11-G-39 BY,toplowerheimdal--depthsurface,4194.983682609659
156,NO 25/11-G-25 AY1,25_11-G-25_AY1,G-25AY1,NO 25/11-G-25,Grane,production,69.9,2015-11-21,oil,NO 25/11-G-25 AY,toplowerheimdal--depthsurface,2000.3989623112602
157,NO 25/11-G-5 BY3,25_11-G-5_BY3,G-5BY3,NO 25/11-G-5,Grane,production,69.9,2011-12-09,oil,NO 25/11-G-5 BY,toplowerheimdal--depthsurface,2000.2178197514272
158,NO 25/11-G-7 AY2,25_11-G-7_AY2,G-7AY2,NO 25/11-G-7,Grane,production,69.9,2010-10-25,oil,NO 25/11-G-7 AY,toplowerheimdal--depthsurface,4273.9539087652665
159,NO 25/11-G-11 C,25_11-G-11_C,G-11C,NO 25/11-G-11,Grane,observation,69.9,2013-06-16,oil,NO 25/11-G-11 C,toplowerheimdal--depthsurface,2378.3491512017067
160,NO 25/11-G-1 Y1,25_11-G-1_Y1,G-1Y1,NO 25/11-G-1,Grane,production,69.9,2008-02-12,oil,NO 25/11-G-1 Y,toplowerheimdal--depthsurface,3210.331697031423
161,NO 25/11-G-11 BY1T4,25_11-G-11_BY1T4,G-11BY1T4,NO 25/11-G-11,Grane,production,69.9,2013-06-02,oil,NO 25/11-G-11 BY,toplowerheimdal--depthsurface,2378.3491512017067
162,NO 25/11-15,25_11-15,15,NO 25/11-15,Grane,wildcat,23.5,1991-12-25,oil,NO 25/11-15,toplowerheimdal--depthsurface,1733.551729916436
163,NO 25/11-G-7 AY3,25_11-G-7_AY3,G-7AY3,NO 25/11-G-7,Grane,production,69.9,2010-11-08,oil,NO 25/11-G-7 AY,toplowerheimdal--depthsurface,4274.193323060103
164,NO 25/11-G-28,25_11-G-28,G-28,NO 25/11-G-28,Grane,production,69.9,2002-10-22,oil,NO 25/11-G-28,toplowerheimdal--depthsurface,2927.640060380628
165,NO 25/11-G-3 AY2T2,25_11-G-3_AY2T2,G-3AY2T2,NO 25/11-G-3,Grane,production,69.9,2010-02-24,oil,NO 25/11-G-3 AY,toplowerheimdal--depthsurface,3346.2200940095613
166,NO 25/11-G-11 AT6,25_11-G-11_AT6,G-11AT6,NO 25/11-G-11,Grane,production,69.9,2013-04-01,oil,NO 25/11-G-11 A,toplowerheimdal--depthsurface,2378.3491512017067
167,NO 25/11-G-2 BY2,25_11-G-2_BY2,G-2BY2,NO 25/11-G-2,Grane,production,69.9,2015-04-23,oil,NO 25/11-G-2 BY,toplowerheimdal--depthsurface,3489.341611773989
168,NO 25/11-G-7 CY2,25_11-G-7_CY2,G-7CY2,NO 25/11-G-7,Grane,production,69.9,2019-12-26,oil,NO 25/11-G-7 CY,toplowerheimdal--depthsurface,3697.459374033721
169,NO 25/11-G-34 AY4,25_11-G-34_AY4,G-34AY4,NO 25/11-G-34,Grane,production,69.9,2019-01-14,oil,NO 25/11-G-34 AY,toplowerheimdal--depthsurface,2397.2014448206987
170,NO 25/11-G-38 T4,25_11-G-38_T4,G-38T4,NO 25/11-G-38,Grane,production,69.9,2011-03-08,oil,NO 25/11-G-38,toplowerheimdal--depthsurface,4024.710922989525
171,NO 25/11-G-30 AY1T2,25_11-G-30_AY1T2,G-30AY1T2,NO 25/11-G-30,Grane,production,69.9,2017-12-04,oil,NO 25/11-G-30 AY,toplowerheimdal--depthsurface,2942.6345850319653
172,NO 25/11-G-35 A,25_11-G-35_A,G-35A,NO 25/11-G-35,Grane,production,69.9,2006-04-06,oil,NO 25/11-G-35 A,toplowerheimdal--depthsurface,2264.2418931808525
173,NO 25/11-G-22 BY1T2,25_11-G-22_BY1T2,G-22BY1T2,NO 25/11-G-22,Grane,production,69.9,2016-02-29,oil,NO 25/11-G-22 BY,toplowerheimdal--depthsurface,1955.5984810836276
174,NO 25/11-G-38 AY1,25_11-G-38_AY1,G-38AY1,NO 25/11-G-38,Grane,production,69.9,2011-04-24,oil,NO 25/11-G-38 AY,toplowerheimdal--depthsurface,4024.710922989525
175,NO 25/11-G-30 Y1,25_11-G-30_Y1,G-30Y1,NO 25/11-G-30,Grane,production,69.9,2007-01-17,oil,NO 25/11-G-30 Y,toplowerheimdal--depthsurface,2303.5423667904906
176,NO 25/11-G-4 T2,25_11-G-4_T2,G-4T2,NO 25/11-G-4,Grane,injection,69.9,2010-04-28,gas,NO 25/11-G-4,toplowerheimdal--depthsurface,5347.301272348317
177,NO 25/11-G-27,25_11-G-27,G-27,NO 25/11-G-27,Grane,observation,69.9,2002-01-23,not applicable,NO 25/11-G-27,toplowerheimdal--depthsurface,1972.3421188317222
178,NO 25/11-G-15 AY1T2,25_11-G-15_AY1T2,G-15AY1T2,NO 25/11-G-15,Grane,production,69.9,2009-01-08,oil,NO 25/11-G-15 AY,toplowerheimdal--depthsurface,2009.5029081754008
179,NO 25/11-G-17 CY1T2,25_11-G-17_CY1T2,G-17CY1T2,NO 25/11-G-17,Grane,production,69.9,2012-10-02,oil,NO 25/11-G-17 CY,toplowerheimdal--depthsurface,2031.3796070395372
180,NO 25/11-21 AT2,25_11-21_AT2,21AT2,NO 25/11-21,Grane,appraisal,26.0,1996-10-01,oil,NO 25/11-21 A,toplowerheimdal--depthsurface,1837.5026412890434
181,NO 25/11-G-12 AY1T2,25_11-G-12_AY1T2,G-12AY1T2,NO 25/11-G-12,Grane,production,69.9,2016-12-07,oil,NO 25/11-G-12 AY,toplowerheimdal--depthsurface,3059.674078870471
182,NO 25/11-G-5 CY4,25_11-G-5_CY4,G-5CY4,NO 25/11-G-5,Grane,production,69.9,2019-04-19,oil,NO 25/11-G-5 CY,toplowerheimdal--depthsurface,2129.9672564416223
183,NO 25/11-G-5 CY3T2,25_11-G-5_CY3T2,G-5CY3T2,NO 25/11-G-5,Grane,production,69.9,2019-04-14,,NO 25/11-G-5 CY,toplowerheimdal--depthsurface,2129.9672564416223
184,NO 25/11-G-5 T2,25_11-G-5_T2,G-5T2,NO 25/11-G-5,Grane,production,69.9,2005-08-19,oil,NO 25/11-G-5,toplowerheimdal--depthsurface,2243.82040967184
185,NO 25/11-G-6 AY1T2,25_11-G-6_AY1T2,G-6AY1T2,NO 25/11-G-6,Grane,production,69.9,2016-07-13,oil,NO 25/11-G-6 AY,toplowerheimdal--depthsurface,
186,NO 25/11-G-11 A,25_11-G-11_A,G-11A,NO 25/11-G-11,Grane,observation,69.9,2013-04-03,oil,NO 25/11-G-11 A,toplowerheimdal--depthsurface,
187,NO 25/11-G-20 A,25_11-G-20_A,G-20A,NO 25/11-G-20,Grane,injection,69.9,2002-05-26,gas,NO 25/11-G-20 A,toplowerheimdal--depthsurface,3029.917542280534
188,NO 25/11-G-12 Y1T2,25_11-G-12_Y1T2,G-12Y1T2,NO 25/11-G-12,Grane,production,69.9,2006-10-18,oil,NO 25/11-G-12 Y,toplowerheimdal--depthsurface,2873.1444477546447
189,NO 25/11-G-30 Y2,25_11-G-30_Y2,G-30Y2,NO 25/11-G-30,Grane,production,69.9,2007-01-31,oil,NO 25/11-G-30 Y,toplowerheimdal--depthsurface,2303.5423667904906
190,NO 25/11-G-2 BY3,25_11-G-2_BY3,G-2BY3,NO 25/11-G-2,Grane,production,69.9,2015-04-29,oil,NO 25/11-G-2 BY,toplowerheimdal--depthsurface,3489.341611773989
191,NO 25/11-G-14,25_11-G-14,G-14,NO 25/11-G-14,Grane,injection,69.9,2004-03-18,water,NO 25/11-G-14,toplowerheimdal--depthsurface,
192,NO 25/11-G-19 A,25_11-G-19_A,G-19A,NO 25/11-G-19,Grane,observation,69.9,2014-07-15,oil,NO 25/11-G-19 A,toplowerheimdal--depthsurface,1958.857602108917
193,NO 25/11-G-35 BY2T2,25_11-G-35_BY2T2,G-35BY2T2,NO 25/11-G-35,Grane,production,69.9,2018-10-10,oil,NO 25/11-G-35 BY,toplowerheimdal--depthsurface,2266.6702606164076
194,NO 25/11-G-11 BY2,25_11-G-11_BY2,G-11BY2,NO 25/11-G-11,Grane,production,69.9,2013-06-07,oil,NO 25/11-G-11 BY,toplowerheimdal--depthsurface,2378.3491512017067
195,NO 25/11-G-21 A,25_11-G-21_A,G-21A,NO 25/11-G-21,Grane,observation,69.9,2012-03-27,oil,NO 25/11-G-21 A,toplowerheimdal--depthsurface,
196,NO 25/11-G-21 AT2,25_11-G-21_AT2,G-21AT2,NO 25/11-G-21,Grane,production,69.9,2012-03-29,oil,NO 25/11-G-21 A,toplowerheimdal--depthsurface,2542.3863552462194
197,NO 25/11-G-5 A,25_11-G-5_A,G-5A,NO 25/11-G-5,Grane,production,69.9,2011-10-18,not applicable,NO 25/11-G-5 A,toplowerheimdal--depthsurface,2000.2178197514272
198,NO 25/11-G-12 Y1T3,25_11-G-12_Y1T3,G-12Y1T3,NO 25/11-G-12,Grane,production,69.9,2006-10-21,oil,NO 25/11-G-12 Y,toplowerheimdal--depthsurface,2873.1444477546447
199,NO 25/11-G-1 Y3,25_11-G-1_Y3,G-1Y3,NO 25/11-G-1,Grane,production,69.9,2008-03-30,oil,NO 25/11-G-1 Y,toplowerheimdal--depthsurface,3210.331697031423
200,NO 25/11-G-40 AT2,25_11-G-40_AT2,G-40AT2,NO 25/11-G-40,Grane,production,69.9,2005-09-04,oil,NO 25/11-G-40 A,toplowerheimdal--depthsurface,2144.6960688461736
201,NO 25/11-G-8 BY2,25_11-G-8_BY2,G-8BY2,NO 25/11-G-8,Grane,production,69.9,2015-08-03,oil,NO 25/11-G-8 BY,toplowerheimdal--depthsurface,2761.1652002518776
202,NO 25/11-G-5,25_11-G-5,G-5,NO 25/11-G-5,Grane,production,69.9,2005-03-04,oil,NO 25/11-G-5,toplowerheimdal--depthsurface,2264.0265822234355
203,NO 25/11-G-38 AY1T2,25_11-G-38_AY1T2,G-38AY1T2,NO 25/11-G-38,Grane,production,69.9,2011-04-24,oil,NO 25/11-G-38 AY,toplowerheimdal--depthsurface,4024.710922989525
204,NO 25/11-G-10 AY3,25_11-G-10_AY3,G-10AY3,NO 25/11-G-10,Grane,production,69.9,,oil,NO 25/11-G-10 AY,toplowerheimdal--depthsurface,2030.7340645720938
205,NO 25/11-G-6,25_11-G-6,G-6,NO 25/11-G-6,Grane,production,69.9,2004-08-12,oil,NO 25/11-G-6,toplowerheimdal--depthsurface,2002.0245800810712
206,NO 25/11-G-31 T2,25_11-G-31_T2,G-31T2,NO 25/11-G-31,Grane,observation,69.9,2015-09-20,oil,NO 25/11-G-31,toplowerheimdal--depthsurface,3712.7411007976275
207,NO 25/11-G-39 CY1T2,25_11-G-39_CY1T2,G-39CY1T2,NO 25/11-G-39,Grane,production,69.9,2018-03-25,oil,NO 25/11-G-39 CY,toplowerheimdal--depthsurface,4084.3471489943336
208,NO 25/11-G-40 BY1,25_11-G-40_BY1,G-40BY1,NO 25/11-G-40,Grane,production,69.9,2017-03-25,oil,NO 25/11-G-40 BY,toplowerheimdal--depthsurface,2212.936601601971
209,NO 25/11-G-11 BY1T3,25_11-G-11_BY1T3,G-11BY1T3,NO 25/11-G-11,Grane,production,69.9,2013-05-17,oil,NO 25/11-G-11 BY,toplowerheimdal--depthsurface,2378.3491512017067
210,NO 25/11-G-27 A,25_11-G-27_A,G-27A,NO 25/11-G-27,Grane,production,69.9,2002-12-09,oil,NO 25/11-G-27 A,toplowerheimdal--depthsurface,2045.8210824553157
211,NO 25/11-G-34,25_11-G-34,G-34,NO 25/11-G-34,Grane,production,69.9,2005-07-11,oil,NO 25/11-G-34,toplowerheimdal--depthsurface,2439.545269799312
212,NO 25/11-G-7 CY3,25_11-G-7_CY3,G-7CY3,NO 25/11-G-7,Grane,production,69.9,2019-12-30,oil,NO 25/11-G-7 CY,toplowerheimdal--depthsurface,3697.459374033721
213,NO 25/11-G-30 AY3,25_11-G-30_AY3,G-30AY3,NO 25/11-G-30,Grane,production,69.9,2017-11-21,oil,NO 25/11-G-30 AY,toplowerheimdal--depthsurface,2942.6345850319653
214,NO 25/11-G-5 BY4T2,25_11-G-5_BY4T2,G-5BY4T2,NO 25/11-G-5,Grane,production,69.9,2011-12-29,oil,NO 25/11-G-5 BY,toplowerheimdal--depthsurface,2000.2310115763285
215,NO 25/11-G-13 B,25_11-G-13_B,G-13B,NO 25/11-G-13,Grane,observation,69.9,2009-08-30,not applicable,NO 25/11-G-13 B,toplowerheimdal--depthsurface,4559.3971164083505
216,NO 25/11-G-10 AY1,25_11-G-10_AY1,G-10AY1,NO 25/11-G-10,Grane,production,69.9,,oil,NO 25/11-G-10 AY,toplowerheimdal--depthsurface,2030.9088817398622
217,NO 25/11-G-16 Y1T2,25_11-G-16_Y1T2,G-16Y1T2,NO 25/11-G-16,Grane,production,69.9,2008-09-13,oil,NO 25/11-G-16 Y,toplowerheimdal--depthsurface,2620.918287443917
218,NO 25/11-G-13 Y3T2,25_11-G-13_Y3T2,G-13Y3T2,NO 25/11-G-13,Grane,production,69.9,2009-08-28,oil,NO 25/11-G-13 Y,toplowerheimdal--depthsurface,4559.3971164083505
219,NO 25/11-G-31 AY1,25_11-G-31_AY1,G-31AY1,NO 25/11-G-31,Grane,production,69.9,2015-10-02,oil,NO 25/11-G-31 AY,toplowerheimdal--depthsurface,3713.91231631602
220,NO 25/11-G-5 CY3,25_11-G-5_CY3,G-5CY3,NO 25/11-G-5,Grane,production,69.9,2019-04-12,oil,NO 25/11-G-5 CY,toplowerheimdal--depthsurface,2129.9672564416223
221,NO 25/11-G-25 AY1T2,25_11-G-25_AY1T2,G-25AY1T2,NO 25/11-G-25,Grane,production,69.9,2015-12-30,oil,NO 25/11-G-25 AY,toplowerheimdal--depthsurface,2000.3989623112602
222,NO 25/11-G-10 AY2T3,25_11-G-10_AY2T3,G-10AY2T3,NO 25/11-G-10,Grane,production,69.9,,,NO 25/11-G-10 AY,toplowerheimdal--depthsurface,2030.9088817398622
223,NO 25/11-G-38 AY2T2,25_11-G-38_AY2T2,G-38AY2T2,NO 25/11-G-38,Grane,production,69.9,2011-05-01,oil,NO 25/11-G-38 AY,toplowerheimdal--depthsurface,4025.316227778218
224,NO 25/11-G-6 AY1T3,25_11-G-6_AY1T3,G-6AY1T3,NO 25/11-G-6,Grane,production,69.9,2016-08-24,oil,NO 25/11-G-6 AY,toplowerheimdal--depthsurface,2256.099768342608
225,NO 25/11-G-35 BY3,25_11-G-35_BY3,G-35BY3,NO 25/11-G-35,Grane,production,69.9,2018-10-25,oil,NO 25/11-G-35 BY,toplowerheimdal--depthsurface,2266.5551230912515
226,NO 25/11-G-16 Y2,25_11-G-16_Y2,G-16Y2,NO 25/11-G-16,Grane,production,69.9,2008-10-02,oil,NO 25/11-G-16 Y,toplowerheimdal--depthsurface,2620.918287443917
227,NO 25/11-G-7 T2,25_11-G-7_T2,G-7T2,NO 25/11-G-7,Grane,production,69.9,2010-07-19,oil,NO 25/11-G-7,toplowerheimdal--depthsurface,4273.9539087652665
228,NO 25/11-G-13 Y1T2,25_11-G-13_Y1T2,G-13Y1T2,NO 25/11-G-13,Grane,production,69.9,2009-05-16,oil,NO 25/11-G-13 Y,toplowerheimdal--depthsurface,4559.3971164083505
229,NO 25/11-G-10 AY1T2,25_11-G-10_AY1T2,G-10AY1T2,NO 25/11-G-10,Grane,production,69.9,,,NO 25/11-G-10 AY,toplowerheimdal--depthsurface,2030.9088817398622
230,NO 25/11-G-39 CY3,25_11-G-39_CY3,G-39CY3,NO 25/11-G-39,Grane,production,69.9,2018-03-15,oil,NO 25/11-G-39 CY,toplowerheimdal--depthsurface,4084.3471489943336
231,NO 25/11-G-22 BY2,25_11-G-22_BY2,G-22BY2,NO 25/11-G-22,Grane,production,69.9,2016-03-07,oil,NO 25/11-G-22 BY,toplowerheimdal--depthsurface,1955.5984810836276
232,NO 25/11-G-40 BY1T2,25_11-G-40_BY1T2,G-40BY1T2,NO 25/11-G-40,Grane,production,69.9,2017-04-10,oil,NO 25/11-G-40 BY,toplowerheimdal--depthsurface,2212.936601601971
233,NO 25/11-G-23 AT2,25_11-G-23_AT2,G-23AT2,NO 25/11-G-23,Grane,injection,69.9,2011-07-23,water,NO 25/11-G-23 A,toplowerheimdal--depthsurface,
234,NO 25/11-G-15 AY2T2,25_11-G-15_AY2T2,G-15AY2T2,NO 25/11-G-15,Grane,production,69.9,2009-01-31,oil,NO 25/11-G-15 AY,toplowerheimdal--depthsurface,2009.5029081754008
235,NO 25/11-G-30 AY2,25_11-G-30_AY2,G-30AY2,NO 25/11-G-30,Grane,production,69.9,2017-11-15,oil,NO 25/11-G-30 AY,toplowerheimdal--depthsurface,2942.6345850319653
236,NO 25/11-G-7 B,25_11-G-7_B,G-7B,NO 25/11-G-7,Grane,observation,69.9,,not applicable,NO 25/11-G-7 B,toplowerheimdal--depthsurface,3696.907166706084
237,NO 25/11-G-17 CY2T2,25_11-G-17_CY2T2,G-17CY2T2,NO 25/11-G-17,Grane,production,69.9,2012-10-20,oil,NO 25/11-G-17 CY,toplowerheimdal--depthsurface,2031.3796070395372
238,NO 25/11-21 S,25_11-21_S,21S,NO 25/11-21,Grane,appraisal,26.0,1995-11-14,oil,NO 25/11-21 S,toplowerheimdal--depthsurface,1787.9019684716789
239,NO 25/11-G-11 BY3T2,25_11-G-11_BY3T2,G-11BY3T2,NO 25/11-G-11,Grane,production,69.9,2013-07-21,oil,NO 25/11-G-11 BY,toplowerheimdal--depthsurface,2378.3491512017067
240,NO 25/11-G-9 AY1T3,25_11-G-9_AY1T3,G-9AY1T3,NO 25/11-G-9,Grane,production,69.9,2018-08-17,,NO 25/11-G-9 AY,toplowerheimdal--depthsurface,4067.7354749526494
241,NO 25/11-G-6 AY2,25_11-G-6_AY2,G-6AY2,NO 25/11-G-6,Grane,production,69.9,2016-08-06,oil,NO 25/11-G-6 AY,toplowerheimdal--depthsurface,2256.249917888408
242,NO 25/11-G-22 BY1T3,25_11-G-22_BY1T3,G-22BY1T3,NO 25/11-G-22,Grane,production,69.9,2017-04-15,oil,NO 25/11-G-22 BY,toplowerheimdal--depthsurface,1955.5984810836276
243,NO 25/11-G-7 AY1,25_11-G-7_AY1,G-7AY1,NO 25/11-G-7,Grane,production,69.9,2010-09-13,oil,NO 25/11-G-7 AY,toplowerheimdal--depthsurface,4273.9539087652665
244,NO 25/11-G-11 BY1T2,25_11-G-11_BY1T2,G-11BY1T2,NO 25/11-G-11,Grane,production,69.9,2013-05-03,oil,NO 25/11-G-11 BY,toplowerheimdal--depthsurface,2378.3491512017067
245,NO 25/11-G-35,25_11-G-35,G-35,NO 25/11-G-35,Grane,observation,69.9,2006-03-14,not applicable,NO 25/11-G-35,toplowerheimdal--depthsurface,2265.828803978599
246,NO 25/11-G-25,25_11-G-25,G-25,NO 25/11-G-25,Grane,production,26.0,2002-08-04,oil,NO 25/11-G-25,toplowerheimdal--depthsurface,1905.0524376156225
247,NO 25/11-G-9 AY1T2,25_11-G-9_AY1T2,G-9AY1T2,NO 25/11-G-9,Grane,production,69.9,,,NO 25/11-G-9 AY,toplowerheimdal--depthsurface,4071.298669990619
248,NO 25/11-G-3 AY1,25_11-G-3_AY1,G-3AY1,NO 25/11-G-3,Grane,production,69.9,2010-02-12,oil,NO 25/11-G-3 AY,toplowerheimdal--depthsurface,3346.2200940095613
249,NO 25/11-G-40 BY2,25_11-G-40_BY2,G-40BY2,NO 25/11-G-40,Grane,production,69.9,,,NO 25/11-G-40 BY,toplowerheimdal--depthsurface,1798.7739963834263
250,NO 25/11-G-5 CY1T3,25_11-G-5_CY1T3,G-5CY1T3,NO 25/11-G-5,Grane,production,69.9,2019-03-18,,NO 25/11-G-5 CY,toplowerheimdal--depthsurface,2129.9672564416223
251,NO 25/11-G-11 AT5,25_11-G-11_AT5,G-11AT5,NO 25/11-G-11,Grane,production,69.9,2013-03-31,oil,NO 25/11-G-11 A,toplowerheimdal--depthsurface,2378.3491512017067
252,NO 25/11-G-25 AY2,25_11-G-25_AY2,G-25AY2,NO 25/11-G-25,Grane,production,69.9,2015-12-05,oil,NO 25/11-G-25 AY,toplowerheimdal--depthsurface,2000.3989623112602
253,NO 25/11-G-11 AT3,25_11-G-11_AT3,G-11AT3,NO 25/11-G-11,Grane,production,69.9,2013-03-13,oil,NO 25/11-G-11 A,toplowerheimdal--depthsurface,2340.2940652668635
254,NO 25/11-G-20,25_11-G-20,G-20,NO 25/11-G-20,Grane,observation,69.9,2002-04-22,not applicable,NO 25/11-G-20,toplowerheimdal--depthsurface,
255,NO 25/11-G-21 BY1T2,25_11-G-21_BY1T2,G-21BY1T2,NO 25/11-G-21,Grane,production,69.9,2012-04-10,oil,NO 25/11-G-21 BY,toplowerheimdal--depthsurface,2542.3863552462194
256,NO 25/11-G-19 EY1T2,25_11-G-19_EY1T2,G-19EY1T2,NO 25/11-G-19,Grane,production,69.9,2014-08-18,oil,NO 25/11-G-19 EY,toplowerheimdal--depthsurface,1950.888098311103
257,NO 25/11-G-11 BY3,25_11-G-11_BY3,G-11BY3,NO 25/11-G-11,Grane,production,69.9,2013-06-28,oil,NO 25/11-G-11 BY,toplowerheimdal--depthsurface,2378.3491512017067
258,NO 25/11-G-31 BY1T2,25_11-G-31_BY1T2,G-31BY1T2,NO 25/11-G-31,Grane,production,69.9,2016-05-10,oil,NO 25/11-G-31 BY,toplowerheimdal--depthsurface,4065.046245986654
259,NO 25/11-G-40 AT3,25_11-G-40_AT3,G-40AT3,NO 25/11-G-40,Grane,production,69.9,2005-09-04,oil,NO 25/11-G-40 A,toplowerheimdal--depthsurface,2182.8816091232716
260,NO 25/11-G-39 BY2,25_11-G-39_BY2,G-39BY2,NO 25/11-G-39,Grane,production,69.9,2007-10-23,oil,NO 25/11-G-39 BY,toplowerheimdal--depthsurface,4194.983682609659
261,NO 25/11-G-16 AY2,25_11-G-16_AY2,G-16AY2,NO 25/11-G-16,Grane,production,69.9,2017-08-21,oil,NO 25/11-G-16 AY,toplowerheimdal--depthsurface,2801.2126163725566
262,NO 25/11-G-9 AY1,25_11-G-9_AY1,G-9AY1,NO 25/11-G-9,Grane,production,69.9,2018-07-04,,NO 25/11-G-9 AY,toplowerheimdal--depthsurface,4152.235885543483
263,NO 25/11-G-40,25_11-G-40,G-40,NO 25/11-G-40,Grane,observation,69.9,2005-02-06,not applicable,NO 25/11-G-40,toplowerheimdal--depthsurface,2076.823616552935
264,NO 25/11-G-35 BY1,25_11-G-35_BY1,G-35BY1,NO 25/11-G-35,Grane,production,69.9,2018-11-10,oil,NO 25/11-G-35 BY,toplowerheimdal--depthsurface,2266.6702606164076
265,NO 25/11-G-32,25_11-G-32,G-32,NO 25/11-G-32,Grane,injection,69.9,2010-12-04,water,NO 25/11-G-32,toplowerheimdal--depthsurface,2638.6482703556176
266,NO 25/11-G-25 AY3,25_11-G-25_AY3,G-25AY3,NO 25/11-G-25,Grane,production,69.9,2015-12-12,oil,NO 25/11-G-25 AY,toplowerheimdal--depthsurface,2000.3989623112602
267,NO 25/11-G-16 AY3,25_11-G-16_AY3,G-16AY3,NO 25/11-G-16,Grane,production,69.9,2017-08-26,oil,NO 25/11-G-16 AY,toplowerheimdal--depthsurface,2801.2126163725566
268,NO 25/11-G-5 BY4,25_11-G-5_BY4,G-5BY4,NO 25/11-G-5,Grane,production,69.9,2011-12-17,oil,NO 25/11-G-5 BY,toplowerheimdal--depthsurface,2000.2310115763285
269,NO 25/11-G-1 Y4,25_11-G-1_Y4,G-1Y4,NO 25/11-G-1,Grane,production,69.9,2008-04-17,oil,NO 25/11-G-1 Y,toplowerheimdal--depthsurface,3210.331697031423
270,NO 25/11-G-34 AY3T2,25_11-G-34_AY3T2,G-34AY3T2,NO 25/11-G-34,Grane,production,69.9,2019-01-05,,NO 25/11-G-34 AY,toplowerheimdal--depthsurface,2397.2014448206987
271,NO 25/11-G-5 CY1T4,25_11-G-5_CY1T4,G-5CY1T4,NO 25/11-G-5,Grane,production,69.9,2019-03-17,,NO 25/11-G-5 CY,toplowerheimdal--depthsurface,2129.9672564416223
272,NO 25/11-G-11 AT7,25_11-G-11_AT7,G-11AT7,NO 25/11-G-11,Grane,production,69.9,2013-04-05,oil,NO 25/11-G-11 A,toplowerheimdal--depthsurface,2378.3491512017067
273,NO 25/11-G-39 AY1,25_11-G-39_AY1,G-39AY1,NO 25/11-G-39,Grane,production,69.9,2006-07-22,not applicable,NO 25/11-G-39 AY,toplowerheimdal--depthsurface,4308.375600530321
274,NO 25/11-G-39,25_11-G-39,G-39,NO 25/11-G-39,Grane,observation,69.9,2006-06-06,not applicable,NO 25/11-G-39,toplowerheimdal--depthsurface,4455.668730121612
275,NO 25/11-G-2 Y3T2,25_11-G-2_Y3T2,G-2Y3T2,NO 25/11-G-2,Grane,production,69.9,2007-07-26,oil,NO 25/11-G-2 Y,toplowerheimdal--depthsurface,3597.21400270714
276,NO 25/11-G-39 CY3T2,25_11-G-39_CY3T2,G-39CY3T2,NO 25/11-G-39,Grane,production,69.9,2018-03-20,oil,NO 25/11-G-39 CY,toplowerheimdal--depthsurface,4084.3471489943336
277,NO 25/11-G-39 CY1,25_11-G-39_CY1,G-39CY1,NO 25/11-G-39,Grane,production,69.9,2018-02-06,oil,NO 25/11-G-39 CY,toplowerheimdal--depthsurface,4084.3471489943336
278,NO 25/11-G-23,25_11-G-23,G-23,NO 25/11-G-23,Grane,injection,69.9,2003-01-04,water,NO 25/11-G-23,toplowerheimdal--depthsurface,
279,NO 25/11-G-5 CY2,25_11-G-5_CY2,G-5CY2,NO 25/11-G-5,Grane,production,69.9,2019-04-01,oil,NO 25/11-G-5 CY,toplowerheimdal--depthsurface,2129.9672564416223
280,NO 25/11-G-40 A,25_11-G-40_A,G-40A,NO 25/11-G-40,Grane,production,69.9,2005-08-28,oil,NO 25/11-G-40 A,toplowerheimdal--depthsurface,2126.4047132015176
281,NO 25/11-G-31 BY2,25_11-G-31_BY2,G-31BY2,NO 25/11-G-31,Grane,production,69.9,2016-09-11,oil,NO 25/11-G-31 BY,toplowerheimdal--depthsurface,4065.7292849260202
